state,year,datetime,epiweek,cases,tempmaxw,tempminw,tempw,humidityw,precipw,precipcovw
Bauchi,2018,2018-01-07,1,1.0,29.5,10.8,19.0,36.1,0.0,0.0
Bauchi,2018,2018-01-14,2,0.0,27.6,10.8,19.3,28.1,0.0,0.0
Bauchi,2018,2018-01-21,3,0.0,30.5,11.7,21.2,24.8,0.0,0.0
Bauchi,2018,2018-01-28,4,0.0,28.5,13.1,20.4,30.9,0.0,0.0
Bauchi,2018,2018-02-04,5,0.0,34.6,15.6,24.8,23.8,0.0,0.0
Bauchi,2018,2018-02-11,6,2.0,35.6,16.8,26.9,21.8,0.0,0.0
Bauchi,2018,2018-02-18,7,1.0,32.9,16.7,24.7,25.5,0.0,0.0
Bauchi,2018,2018-02-25,8,0.0,36.7,21.5,29.8,34.6,0.0,0.0
Bauchi,2018,2018-03-04,9,1.0,35.5,15.4,26.6,21.2,0.0,0.0
Bauchi,2018,2018-03-11,10,2.0,36.4,15.7,27.4,17.3,0.0,0.0
Bauchi,2018,2018-03-18,11,1.0,38.4,18.2,28.3,18.7,0.0,0.0
Bauchi,2018,2018-03-25,12,1.0,34.9,19.5,28.1,16.1,0.0,0.0
Bauchi,2018,2018-04-01,13,1.0,36.1,22.9,29.1,20.8,0.0,0.0
Bauchi,2018,2018-04-08,14,0.0,35.4,19.1,28.5,30.7,0.0,0.0
Bauchi,2018,2018-04-15,15,0.0,36.7,25.2,31.1,45.0,0.0,0.0
Bauchi,2018,2018-04-22,16,0.0,35.8,25.7,31.3,49.6,0.0,0.0
Bauchi,2018,2018-04-29,17,0.0,36.8,25.1,30.7,53.3,0.2,8.33
Bauchi,2018,2018-05-06,18,0.0,36.9,22.7,30.3,54.1,0.0,0.0
Bauchi,2018,2018-05-13,19,0.0,33.6,23.0,27.5,63.6,1.1,16.67
Bauchi,2018,2018-05-20,20,0.0,35.8,24.7,29.5,61.9,1.8,16.67
Bauchi,2018,2018-05-27,21,0.0,33.7,24.1,28.0,66.4,2.2,25.0
Bauchi,2018,2018-06-03,22,0.0,31.5,22.8,27.0,68.9,0.9,20.83
Bauchi,2018,2018-06-10,23,0.0,33.2,23.1,27.5,71.4,11.1,16.67
Bauchi,2018,2018-06-17,24,0.0,31.4,22.2,25.4,80.1,10.9,29.17
Bauchi,2018,2018-06-24,25,0.0,27.8,20.3,23.5,85.9,0.4,16.67
Bauchi,2018,2018-07-01,26,0.0,28.2,20.9,23.8,83.9,3.4,20.83
Bauchi,2018,2018-07-08,27,0.0,28.9,20.9,24.5,85.5,11.5,33.33
Bauchi,2018,2018-07-15,28,0.0,28.9,21.6,24.6,83.9,3.9,33.33
Bauchi,2018,2018-07-22,29,0.0,29.3,21.5,24.8,86.3,6.8,37.5
Bauchi,2018,2018-07-29,30,0.0,28.3,21.8,24.6,86.8,22.4,79.17
Bauchi,2018,2018-08-05,31,0.0,27.9,21.3,23.7,84.9,15.3,62.5
Bauchi,2018,2018-08-12,32,0.0,28.5,21.0,23.4,86.4,22.2,70.83
Bauchi,2018,2018-08-19,33,0.0,27.4,21.4,24.2,81.5,12.7,58.33
Bauchi,2018,2018-08-26,34,1.0,28.7,19.9,24.5,81.9,0.4,8.33
Bauchi,2018,2018-09-02,35,0.0,28.3,20.3,23.5,87.2,7.0,75.0
Bauchi,2018,2018-09-09,36,0.0,28.4,20.8,24.1,85.1,18.6,87.5
Bauchi,2018,2018-09-16,37,0.0,29.6,20.9,24.6,85.6,6.1,29.17
Bauchi,2018,2018-09-23,38,0.0,29.4,21.6,24.9,85.2,0.5,12.5
Bauchi,2018,2018-09-30,39,1.0,31.5,21.0,26.3,82.0,12.3,41.67
Bauchi,2018,2018-10-07,40,0.0,30.3,21.6,25.5,84.4,0.5,8.33
Bauchi,2018,2018-10-14,41,0.0,31.0,20.6,25.8,79.4,1.8,8.33
Bauchi,2018,2018-10-21,42,0.0,34.1,21.1,27.4,52.9,0.0,0.0
Bauchi,2018,2018-10-28,43,0.0,33.2,21.0,26.1,71.9,1.1,12.5
Bauchi,2018,2018-11-04,44,0.0,33.5,19.6,26.4,45.0,0.0,0.0
Bauchi,2018,2018-11-11,45,0.0,32.7,15.0,23.0,43.8,0.0,0.0
Bauchi,2018,2018-11-18,46,0.0,33.1,15.0,23.8,48.8,0.0,0.0
Bauchi,2018,2018-11-25,47,0.0,31.5,14.6,22.5,39.3,0.0,0.0
Bauchi,2018,2018-12-02,48,0.0,30.1,15.8,22.4,40.0,0.0,0.0
Bauchi,2018,2018-12-09,49,1.0,28.8,14.0,21.4,37.1,0.0,0.0
Bauchi,2018,2018-12-16,50,4.0,31.7,13.0,22.1,33.2,0.0,0.0
Bauchi,2018,2018-12-23,51,2.0,27.3,12.1,19.3,33.4,0.0,0.0
Bauchi,2018,2018-12-31,52,5.0,28.2,13.5,20.3,33.3,0.0,0.0
Bauchi,2019,2019-01-06,1,3.0,27.9,13.2,20.200000000000003,28.849999999999998,0.0,0.0
Bauchi,2019,2019-01-13,2,3.0,30.7,14.8,22.4,25.0,0.0,0.0
Bauchi,2019,2019-01-20,3,7.0,32.9,13.1,23.4,35.2,0.0,0.0
Bauchi,2019,2019-01-27,4,3.0,32.0,16.2,24.0,24.7,0.0,0.0
Bauchi,2019,2019-02-03,5,4.0,32.9,16.2,25.0,27.3,0.0,0.0
Bauchi,2019,2019-02-10,6,0.0,28.9,13.7,21.4,25.8,0.0,0.0
Bauchi,2019,2019-02-17,7,8.0,30.5,14.6,22.0,19.6,0.0,0.0
Bauchi,2019,2019-02-24,8,1.0,34.0,23.3,27.9,59.7,3.9,29.17
Bauchi,2019,2019-03-03,9,2.0,35.4,20.0,27.2,21.2,0.0,0.0
Bauchi,2019,2019-03-10,10,1.0,36.3,19.8,27.9,22.9,0.0,0.0
Bauchi,2019,2019-03-17,11,3.0,35.9,19.7,27.7,17.2,0.0,0.0
Bauchi,2019,2019-03-24,12,3.0,37.0,20.4,28.8,18.2,0.0,0.0
Bauchi,2019,2019-03-31,13,2.0,36.9,21.4,29.7,18.5,0.0,0.0
Bauchi,2019,2019-04-07,14,2.0,38.1,25.6,32.2,42.3,0.0,0.0
Bauchi,2019,2019-04-14,15,0.0,34.9,23.9,29.6,49.6,0.1,4.17
Bauchi,2019,2019-04-21,16,0.0,39.6,21.2,30.9,24.1,0.0,0.0
Bauchi,2019,2019-04-28,17,0.0,37.0,20.6,29.3,33.1,0.0,0.0
Bauchi,2019,2019-05-05,18,0.0,38.7,25.3,32.0,47.1,0.0,0.0
Bauchi,2019,2019-05-12,19,0.0,32.0,24.3,27.3,75.3,1.6,12.5
Bauchi,2019,2019-05-19,20,0.0,34.0,24.2,28.2,67.6,2.0,20.83
Bauchi,2019,2019-05-26,21,0.0,32.4,24.3,27.7,70.7,3.9,16.67
Bauchi,2019,2019-06-02,22,0.0,28.6,22.9,25.6,79.2,1.4,29.17
Bauchi,2019,2019-06-09,23,0.0,29.3,21.2,25.0,82.9,3.0,12.5
Bauchi,2019,2019-06-16,24,0.0,32.1,22.8,26.9,77.8,0.6,20.83
Bauchi,2019,2019-06-23,25,0.0,31.4,21.8,25.8,81.9,10.8,41.67
Bauchi,2019,2019-06-30,26,0.0,31.1,23.1,26.4,81.7,9.0,37.5
Bauchi,2019,2019-07-07,27,0.0,29.3,22.7,25.7,83.7,3.5,33.33
Bauchi,2019,2019-07-14,28,1.0,28.7,20.2,24.4,85.0,12.7,41.67
Bauchi,2019,2019-07-21,29,1.0,27.9,20.4,23.3,86.3,16.4,29.17
Bauchi,2019,2019-07-28,30,1.0,28.6,21.1,24.5,85.7,6.1,70.83
Bauchi,2019,2019-08-04,31,1.0,28.3,21.1,24.2,83.9,4.6,41.67
Bauchi,2019,2019-08-11,32,1.0,30.0,21.8,25.1,83.0,11.1,33.33
Bauchi,2019,2019-08-18,33,0.0,28.9,21.1,24.1,85.5,11.8,70.83
Bauchi,2019,2019-08-25,34,0.0,26.9,21.0,23.5,86.0,13.1,70.83
Bauchi,2019,2019-09-01,35,0.0,28.5,20.6,23.7,84.5,8.1,16.67
Bauchi,2019,2019-09-08,36,0.0,29.9,21.7,24.7,85.3,11.3,33.33
Bauchi,2019,2019-09-15,37,0.0,29.1,20.8,24.6,85.0,6.7,50.0
Bauchi,2019,2019-09-22,38,0.0,31.2,22.0,25.7,82.4,0.4,8.33
Bauchi,2019,2019-09-29,39,0.0,28.8,22.1,24.3,83.6,14.1,37.5
Bauchi,2019,2019-10-06,40,1.0,28.1,21.0,23.7,82.3,3.6,54.17
Bauchi,2019,2019-10-13,41,1.0,30.2,21.7,25.3,85.3,3.9,37.5
Bauchi,2019,2019-10-20,42,0.0,29.6,21.1,24.8,82.6,0.6,20.83
Bauchi,2019,2019-10-27,43,0.0,26.4,20.2,23.0,90.9,16.6,91.67
Bauchi,2019,2019-11-03,44,0.0,31.8,19.3,25.7,73.7,0.0,0.0
Bauchi,2019,2019-11-10,45,1.0,31.8,19.8,25.2,65.7,0.0,0.0
Bauchi,2019,2019-11-17,46,1.0,32.5,17.2,24.7,51.0,0.0,0.0
Bauchi,2019,2019-11-24,47,0.0,32.9,15.4,24.3,50.7,0.0,0.0
Bauchi,2019,2019-12-01,48,0.0,30.5,14.8,22.0,41.9,0.0,0.0
Bauchi,2019,2019-12-08,49,1.0,30.7,11.8,20.9,42.0,0.0,0.0
Bauchi,2019,2019-12-15,50,0.0,27.8,12.2,20.0,35.7,0.0,0.0
Bauchi,2019,2019-12-22,51,0.0,28.5,9.3,18.8,38.4,0.0,0.0
Bauchi,2019,2019-12-29,52,3.0,28.3,10.4,18.8,38.5,0.0,0.0
Bauchi,2020,2020-01-05,1,1.0,23.8,12.2,17.7,43.1,0.0,0.0
Bauchi,2020,2020-01-12,2,1.0,31.4,14.2,22.4,38.0,0.0,0.0
Bauchi,2020,2020-01-19,3,2.0,26.0,11.9,18.5,42.9,0.0,0.0
Bauchi,2020,2020-01-26,4,3.0,27.5,10.3,18.2,31.7,0.0,0.0
Bauchi,2020,2020-02-02,5,6.0,28.1,9.2,18.7,30.6,0.0,0.0
Bauchi,2020,2020-02-09,6,1.0,28.7,16.1,21.8,32.3,0.0,0.0
Bauchi,2020,2020-02-16,7,11.0,31.1,14.5,22.2,26.7,0.0,0.0
Bauchi,2020,2020-02-23,8,5.0,31.9,16.4,24.0,22.1,0.0,0.0
Bauchi,2020,2020-03-01,9,3.0,34.6,17.3,26.2,30.4,0.0,0.0
Bauchi,2020,2020-03-08,10,2.0,35.7,19.0,27.1,23.1,0.0,0.0
Bauchi,2020,2020-03-15,11,4.0,32.9,14.8,23.6,23.2,0.0,0.0
Bauchi,2020,2020-03-22,12,2.0,37.6,19.1,28.8,29.9,0.0,0.0
Bauchi,2020,2020-03-29,13,1.0,38.5,20.9,29.5,21.7,0.0,0.0
Bauchi,2020,2020-04-05,14,1.0,38.0,25.5,31.8,44.6,0.0,0.0
Bauchi,2020,2020-04-12,15,0.0,35.2,22.2,29.2,25.0,0.0,0.0
Bauchi,2020,2020-04-19,16,0.0,38.5,20.7,29.8,36.0,0.0,0.0
Bauchi,2020,2020-04-26,17,0.0,37.8,26.4,31.3,53.6,0.0,0.0
Bauchi,2020,2020-05-03,18,0.0,35.4,25.1,29.6,55.5,2.1,12.5
Bauchi,2020,2020-05-10,19,0.0,36.3,25.7,30.5,54.7,0.2,8.33
Bauchi,2020,2020-05-17,20,1.0,37.4,25.9,31.2,51.5,0.0,0.0
Bauchi,2020,2020-05-24,21,0.0,28.7,23.1,25.9,79.3,5.5,29.17
Bauchi,2020,2020-05-31,22,0.0,35.5,23.0,29.2,63.6,1.2,8.33
Bauchi,2020,2020-06-07,23,0.0,35.0,23.4,28.5,62.6,0.2,8.33
Bauchi,2020,2020-06-14,24,0.0,31.5,21.9,26.5,73.2,0.0,0.0
Bauchi,2020,2020-06-21,25,0.0,31.2,23.4,26.7,76.7,7.6,29.17
Bauchi,2020,2020-06-28,26,0.0,28.8,22.0,25.3,79.7,2.1,20.83
Bauchi,2020,2020-07-05,27,0.0,29.0,21.5,24.6,85.0,7.0,58.33
Bauchi,2020,2020-07-12,28,0.0,28.9,20.3,23.9,87.4,9.6,62.5
Bauchi,2020,2020-07-19,29,0.0,29.3,20.8,24.7,83.8,3.6,41.67
Bauchi,2020,2020-07-26,30,0.0,28.8,21.2,24.4,84.2,4.6,45.83
Bauchi,2020,2020-08-02,31,0.0,27.9,21.8,24.4,82.3,11.2,58.33
Bauchi,2020,2020-08-09,32,0.0,28.6,20.6,24.5,75.0,0.0,0.0
Bauchi,2020,2020-08-16,33,0.0,30.2,21.3,25.5,72.5,0.0,0.0
Bauchi,2020,2020-08-23,34,0.0,28.6,20.9,24.6,81.5,5.5,62.5
Bauchi,2020,2020-08-30,35,0.0,28.1,20.4,23.9,85.2,5.7,62.5
Bauchi,2020,2020-09-06,36,0.0,28.4,20.2,24.2,78.4,0.4,16.67
Bauchi,2020,2020-09-13,37,0.0,29.1,21.1,24.7,81.4,0.3,12.5
Bauchi,2020,2020-09-20,38,0.0,29.5,21.0,24.2,82.7,0.6,12.5
Bauchi,2020,2020-09-27,39,0.0,29.3,20.8,24.0,84.0,8.0,25.0
Bauchi,2020,2020-10-04,40,0.0,31.1,19.3,25.2,79.3,0.1,4.17
Bauchi,2020,2020-10-11,41,0.0,31.2,20.6,25.9,75.8,0.1,4.17
Bauchi,2020,2020-10-18,42,0.0,32.0,21.0,26.2,74.5,0.0,0.0
Bauchi,2020,2020-10-25,43,0.0,31.2,18.2,25.4,51.7,0.0,0.0
Bauchi,2020,2020-11-01,44,1.0,31.4,18.3,23.9,46.6,0.0,0.0
Bauchi,2020,2020-11-08,45,0.0,30.8,15.9,23.0,44.8,0.0,0.0
Bauchi,2020,2020-11-15,46,0.0,31.8,18.1,24.2,41.3,0.0,0.0
Bauchi,2020,2020-11-22,47,4.0,31.3,15.1,23.3,46.8,0.0,0.0
Bauchi,2020,2020-11-29,48,1.0,32.3,14.3,23.1,39.2,0.0,0.0
Bauchi,2020,2020-12-06,49,1.0,33.9,16.3,24.2,44.1,0.0,0.0
Bauchi,2020,2020-12-13,50,0.0,33.7,16.4,24.4,44.5,0.0,0.0
Bauchi,2020,2020-12-20,51,0.0,31.1,14.0,22.2,43.4,0.0,0.0
Bauchi,2020,2020-12-27,52,1.0,29.2,12.2,20.3,46.4,0.0,0.0
Bauchi,2020,2021-01-03,53,1.0,33.6,14.1,23.6,38.9,0.0,0.0
Bauchi,2021,2021-01-10,1,2.0,33.0,13.3,22.7,37.7,0.0,0.0
Bauchi,2021,2021-01-17,2,0.0,31.6,12.5,21.5,36.4,0.0,0.0
Bauchi,2021,2021-01-24,3,0.0,29.6,13.3,20.4,31.7,0.0,0.0
Bauchi,2021,2021-01-31,4,1.0,30.4,12.5,21.7,31.1,0.0,0.0
Bauchi,2021,2021-02-07,5,0.0,31.3,12.7,21.5,32.6,0.0,0.0
Bauchi,2021,2021-02-14,6,0.0,33.6,15.0,24.2,30.3,0.0,0.0
Bauchi,2021,2021-02-21,7,0.0,29.1,14.0,21.0,26.7,0.0,0.0
Bauchi,2021,2021-02-28,8,2.0,32.7,17.3,24.3,23.7,0.0,0.0
Bauchi,2021,2021-03-07,9,0.0,35.0,16.2,25.6,25.8,0.0,0.0
Bauchi,2021,2021-03-14,10,1.0,35.6,21.5,28.2,29.2,0.0,0.0
Bauchi,2021,2021-03-21,11,1.0,37.7,24.5,30.5,42.4,0.0,0.0
Bauchi,2021,2021-03-28,12,0.0,32.0,19.4,25.9,20.6,0.0,0.0
Bauchi,2021,2021-04-04,13,0.0,35.7,17.6,26.8,22.0,0.0,0.0
Bauchi,2021,2021-04-11,14,1.0,37.9,20.2,29.0,24.4,0.0,0.0
Bauchi,2021,2021-04-18,15,0.0,35.7,25.1,30.4,45.9,0.0,0.0
Bauchi,2021,2021-04-25,16,0.0,37.2,24.0,30.6,49.0,0.1,4.17
Bauchi,2021,2021-05-02,17,0.0,38.5,24.4,30.7,39.4,0.0,0.0
Bauchi,2021,2021-05-09,18,2.0,35.1,22.7,28.0,64.5,10.4,29.17
Bauchi,2021,2021-05-16,19,0.0,35.4,22.8,28.7,55.8,0.0,0.0
Bauchi,2021,2021-05-23,20,0.0,36.3,24.4,29.8,55.6,0.0,0.0
Bauchi,2021,2021-05-30,21,0.0,36.8,23.1,29.9,52.9,0.0,0.0
Bauchi,2021,2021-06-06,22,0.0,33.4,23.7,27.8,67.4,2.4,8.33
Bauchi,2021,2021-06-13,23,0.0,32.6,20.6,26.5,67.4,0.0,0.0
Bauchi,2021,2021-06-20,24,0.0,30.3,21.4,25.6,80.8,11.7,25.0
Bauchi,2021,2021-06-27,25,0.0,30.6,21.7,25.7,76.3,0.4,4.17
Bauchi,2021,2021-07-04,26,0.0,28.6,21.5,24.4,85.2,10.7,41.67
Bauchi,2021,2021-07-11,27,0.0,29.9,20.4,25.5,79.3,0.1,4.17
Bauchi,2021,2021-07-18,28,0.0,27.1,21.6,24.1,78.6,0.1,4.17
Bauchi,2021,2021-07-25,29,0.0,27.9,21.3,24.2,83.8,11.2,37.5
Bauchi,2021,2021-08-01,30,0.0,27.3,21.7,24.1,86.4,7.1,70.83
Bauchi,2021,2021-08-08,31,0.0,29.2,21.4,24.1,86.8,11.5,58.33
Bauchi,2021,2021-08-15,32,0.0,28.6,21.7,24.8,83.6,6.3,58.33
Bauchi,2021,2021-08-22,33,0.0,28.4,20.8,23.7,86.5,30.0,45.83
Bauchi,2021,2021-08-29,34,0.0,28.3,20.1,24.0,82.4,1.2,12.5
Bauchi,2021,2021-09-05,35,0.0,28.6,20.6,24.1,87.8,3.1,29.17
Bauchi,2021,2021-09-12,36,0.0,28.6,21.5,24.5,84.6,6.3,29.17
Bauchi,2021,2021-09-19,37,0.0,30.4,20.8,25.2,81.7,1.1,16.67
Bauchi,2021,2021-09-26,38,0.0,31.6,21.1,25.8,76.6,0.0,0.0
Bauchi,2021,2021-10-03,39,0.0,32.2,20.4,25.7,72.2,0.0,0.0
Bauchi,2021,2021-10-10,40,0.0,32.4,19.6,25.9,68.0,0.0,0.0
Bauchi,2021,2021-10-17,41,0.0,31.7,21.5,25.4,80.8,1.9,29.17
Bauchi,2021,2021-10-24,42,1.0,31.7,22.1,26.1,75.9,0.5,12.5
Bauchi,2021,2021-10-31,43,0.0,33.0,16.8,24.3,54.7,0.0,0.0
Bauchi,2021,2021-11-07,44,0.0,32.3,16.8,24.6,52.6,0.0,0.0
Bauchi,2021,2021-11-14,45,0.0,34.0,17.1,25.3,48.0,0.0,0.0
Bauchi,2021,2021-11-21,46,2.0,33.6,17.3,25.3,45.1,0.0,0.0
Bauchi,2021,2021-11-28,47,1.0,32.3,14.1,23.1,44.7,0.0,0.0
Bauchi,2021,2021-12-05,48,1.0,31.8,17.8,23.9,39.9,0.0,0.0
Bauchi,2021,2021-12-12,49,0.0,30.6,15.0,22.3,40.2,0.0,0.0
Bauchi,2021,2021-12-19,50,3.0,26.2,12.8,18.7,38.2,0.0,0.0
Bauchi,2021,2021-12-26,51,18.0,30.3,14.4,21.8,35.1,0.0,0.0
Bauchi,2021,2022-01-02,52,4.0,28.0,13.3,20.0,35.2,0.0,0.0
Bauchi,2022,2022-01-09,1,14.0,29.8,15.5,22.6,35.4,0.0,0.0
Bauchi,2022,2022-01-16,2,7.0,31.0,15.3,22.1,16.6,0.0,0.0
Bauchi,2022,2022-01-23,3,18.0,29.8,13.2,20.6,19.3,0.0,0.0
Bauchi,2022,2022-01-30,4,14.0,28.2,11.7,19.2,16.9,0.0,0.0
Bauchi,2022,2022-02-06,5,4.0,30.4,12.1,20.7,24.4,0.0,0.0
Bauchi,2022,2022-02-13,6,8.0,33.5,14.7,23.3,16.4,0.0,0.0
Bauchi,2022,2022-02-20,7,15.0,31.1,14.4,22.0,19.7,0.0,0.0
Bauchi,2022,2022-02-27,8,15.0,34.1,16.7,24.6,17.0,0.0,0.0
Bauchi,2022,2022-03-06,9,0.0,38.2,22.0,30.0,9.5,0.0,0.0
Bauchi,2022,2022-03-13,10,1.0,34.6,18.9,26.2,17.5,0.0,0.0
Bauchi,2022,2022-03-20,11,3.0,37.4,19.4,27.9,10.0,0.0,0.0
Bauchi,2022,2022-03-27,12,4.0,35.5,18.4,26.4,12.9,0.0,0.0
Bauchi,2022,2022-04-03,13,2.0,39.5,23.1,30.5,10.5,0.0,0.0
Bauchi,2022,2022-04-10,14,1.0,38.1,23.5,30.1,42.8,0.0,0.0
Bauchi,2022,2022-04-17,15,2.0,36.5,24.8,29.1,49.2,6.8,41.67
Bauchi,2022,2022-04-24,16,1.0,36.0,26.6,31.2,38.6,0.0,0.0
Bauchi,2022,2022-05-01,17,0.0,38.8,26.0,31.5,38.6,1.4,16.67
Bauchi,2022,2022-05-08,18,0.0,37.7,26.5,31.3,42.6,0.0,0.0
Bauchi,2022,2022-05-15,19,0.0,38.0,24.5,30.8,39.1,0.0,0.0
Bauchi,2022,2022-05-22,20,0.0,36.9,24.2,29.7,48.4,1.9,25.0
Bauchi,2022,2022-05-29,21,0.0,36.5,23.1,29.4,42.0,0.0,0.0
Bauchi,2022,2022-06-05,22,0.0,30.9,21.1,25.0,56.6,0.1,4.17
Bauchi,2022,2022-06-12,23,0.0,30.2,21.4,25.6,65.1,3.7,20.83
Bauchi,2022,2022-06-19,24,0.0,34.5,21.3,27.1,55.1,0.0,0.0
Bauchi,2022,2022-06-26,25,0.0,27.5,20.9,24.0,70.9,4.7,29.17
Bauchi,2022,2022-07-03,26,0.0,32.2,21.7,26.2,64.8,0.5,16.67
Bauchi,2022,2022-07-10,27,0.0,28.3,20.4,23.1,79.1,7.1,41.67
Bauchi,2022,2022-07-17,28,0.0,22.3,20.5,21.2,92.7,34.6,66.67
Bauchi,2022,2022-07-24,29,0.0,29.8,20.6,24.8,77.4,5.6,41.67
Bauchi,2022,2022-07-31,30,1.0,29.6,19.6,24.2,69.3,0.8,16.67
Bauchi,2022,2022-08-07,31,0.0,31.6,21.0,25.5,72.7,2.3,25.0
Bauchi,2022,2022-08-14,32,0.0,24.3,19.6,21.4,88.3,2.4,41.67
Bauchi,2022,2022-08-21,33,0.0,30.0,19.8,24.5,72.3,2.0,20.83
Bauchi,2022,2022-08-28,34,0.0,21.9,19.7,20.2,94.6,19.5,62.5
Bauchi,2022,2022-09-04,35,0.0,29.2,19.7,23.7,76.6,0.2,4.17
Bauchi,2022,2022-09-11,36,1.0,27.1,20.2,23.1,82.1,3.1,33.33
Bauchi,2022,2022-09-18,37,1.0,28.9,19.3,23.2,82.1,17.7,41.67
Bauchi,2022,2022-09-25,38,1.0,31.5,20.7,25.2,72.1,0.6,8.33
Bauchi,2022,2022-10-02,39,0.0,32.7,21.3,26.0,67.3,0.8,16.67
Bauchi,2022,2022-10-09,40,1.0,32.0,21.8,26.2,63.4,1.1,12.5
Bauchi,2022,2022-10-16,41,0.0,32.4,19.3,25.2,36.6,0.0,0.0
Bauchi,2022,2022-10-23,42,0.0,33.2,20.5,26.3,34.5,0.0,0.0
Bauchi,2022,2022-10-30,43,0.0,32.3,19.8,25.4,28.8,0.0,0.0
Bauchi,2022,2022-11-06,44,0.0,32.3,17.6,24.3,26.3,0.0,0.0
Bauchi,2022,2022-11-13,45,0.0,31.7,18.5,24.5,28.8,0.0,0.0
Bauchi,2022,2022-11-20,46,0.0,32.7,17.9,24.6,26.2,0.0,0.0
Bauchi,2022,2022-11-27,47,0.0,31.1,15.5,22.4,22.8,0.0,0.0
Bauchi,2022,2022-12-04,48,10.0,35.0,18.8,25.7,26.4,0.0,0.0
Bauchi,2022,2022-12-11,49,7.0,31.7,15.0,22.5,19.6,0.0,0.0
Bauchi,2022,2022-12-18,50,1.0,30.4,14.8,22.2,20.7,0.0,0.0
Bauchi,2022,2022-12-25,51,6.0,27.2,11.4,18.5,35.2,0.0,0.0
Bauchi,2022,2023-01-01,52,0.0,27.8,10.9,18.5,29.4,0.0,0.0
Bauchi,2023,2023-01-08,1,3.0,30.6,13.1,20.8,21.5,0.0,0.0
Bauchi,2023,2023-01-15,2,5.0,29.8,13.0,20.6,23.4,0.0,0.0
Bauchi,2023,2023-01-22,3,5.0,32.5,16.4,23.6,18.9,0.0,0.0
Bauchi,2023,2023-01-29,4,8.0,35.6,20.4,28.0,28.0,0.0,0.0
Bauchi,2023,2023-02-05,5,4.0,35.4,18.9,26.0,16.5,0.0,0.0
Bauchi,2023,2023-02-12,6,14.0,33.6,15.5,23.8,15.0,0.0,0.0
Bauchi,2023,2023-02-19,7,9.0,31.2,14.1,21.9,21.6,0.0,0.0
Bauchi,2023,2023-02-26,8,12.0,36.5,18.6,26.9,11.4,0.0,0.0
Bauchi,2023,2023-03-05,9,5.0,38.8,25.1,31.0,14.5,0.0,0.0
Bauchi,2023,2023-03-12,10,6.0,35.1,19.0,26.7,11.2,0.0,0.0
Bauchi,2023,2023-03-19,11,7.0,35.9,21.3,27.7,8.8,0.0,0.0
Bauchi,2023,2023-03-26,12,14.0,35.2,21.1,27.7,37.7,0.0,0.0
Bauchi,2023,2023-04-02,13,2.0,35.9,20.2,27.6,12.2,0.0,0.0
Bauchi,2023,2023-04-09,14,3.0,39.8,24.5,31.3,32.6,0.0,0.0
Bauchi,2023,2023-04-16,15,1.0,37.0,24.4,30.2,21.5,0.0,0.0
Bauchi,2023,2023-04-23,16,4.0,37.9,26.9,30.9,41.2,1.0,16.67
Bauchi,2023,2023-04-30,17,0.0,37.8,23.9,30.0,35.0,0.0,0.0
Bauchi,2023,2023-05-07,18,3.0,39.4,24.7,31.4,34.2,0.0,0.0
Bauchi,2023,2023-05-14,19,0.0,39.0,27.1,32.4,39.2,0.0,0.0
Bauchi,2023,2023-05-21,20,1.0,37.0,25.1,29.4,53.4,5.0,25.0
Bauchi,2023,2023-05-28,21,0.0,37.5,24.7,30.4,55.2,0.0,0.0
Bauchi,2023,2023-06-04,22,4.0,36.3,22.4,28.4,58.1,0.5,8.33
Bauchi,2023,2023-06-11,23,0.0,32.9,21.4,25.3,73.6,25.9,58.33
Bauchi,2023,2023-06-18,24,1.0,34.5,24.2,28.7,57.4,0.0,0.0
Bauchi,2023,2023-06-25,25,0.0,32.2,21.0,25.0,73.9,15.2,41.67
Bauchi,2023,2023-07-02,26,0.0,35.9,21.9,28.1,59.4,0.2,4.17
Bauchi,2023,2023-07-09,27,0.0,32.6,21.5,26.2,63.2,0.5,16.67
Bauchi,2023,2023-07-16,28,1.0,33.9,22.1,27.5,60.8,0.4,12.5
Bauchi,2023,2023-07-23,29,0.0,33.3,21.7,25.3,74.5,3.5,25.0
Bauchi,2023,2023-07-30,30,3.0,33.4,21.6,26.6,70.9,4.1,25.0
Bauchi,2023,2023-08-06,31,0.0,28.2,21.9,23.8,80.8,9.2,75.0
Bauchi,2023,2023-08-13,32,0.0,25.6,21.0,22.8,88.1,26.1,50.0
Bauchi,2023,2023-08-20,33,4.0,31.1,21.5,24.6,79.8,2.5,16.67
Bauchi,2023,2023-08-27,34,0.0,26.1,20.6,22.3,88.9,12.6,45.83
Bauchi,2023,2023-09-03,35,0.0,32.2,20.9,26.4,73.2,1.9,20.83
Bauchi,2023,2023-09-10,36,1.0,32.9,19.5,26.1,68.4,3.3,29.17
Bauchi,2023,2023-09-17,37,0.0,32.2,20.9,25.7,73.9,8.4,33.33
Bauchi,2023,2023-09-24,38,0.0,31.6,21.9,26.3,75.7,2.4,20.83
Bauchi,2023,2023-10-01,39,0.0,30.1,22.6,25.8,70.5,1.9,20.83
Bauchi,2023,2023-10-08,40,1.0,33.8,21.3,27.0,51.5,0.0,0.0
Bauchi,2023,2023-10-15,41,1.0,35.8,19.6,27.4,47.1,0.0,0.0
Bauchi,2023,2023-10-22,42,1.0,35.7,17.7,26.5,39.4,0.0,0.0
Bauchi,2023,2023-10-29,43,0.0,36.0,20.3,27.6,26.1,0.0,0.0
Bauchi,2023,2023-11-05,44,0.0,35.1,21.9,27.8,52.8,0.1,4.17
Bauchi,2023,2023-11-12,45,4.0,34.9,16.1,25.9,34.1,0.0,0.0
Bauchi,2023,2023-11-19,46,10.0,33.9,12.6,24.1,24.1,0.0,0.0
Bauchi,2023,2023-11-26,47,3.0,35.6,22.6,27.7,48.5,0.1,4.17
Bauchi,2023,2023-12-03,48,10.0,35.7,17.7,25.5,22.3,0.0,0.0
Bauchi,2023,2023-12-10,49,9.0,32.4,15.3,22.6,18.1,0.0,0.0
Bauchi,2023,2023-12-17,50,0.0,32.0,14.9,22.5,19.9,0.0,0.0
Bauchi,2023,2023-12-24,51,15.0,30.7,13.4,20.9,23.1,0.0,0.0
Bauchi,2023,2023-12-31,52,19.0,33.7,14.8,22.7,24.0,0.0,0.0
Edo,2018,2018-01-07,1,0.0,32.1,19.0,24.9,77.8,0.0,0.0
Edo,2018,2018-01-14,2,4.0,33.4,24.7,27.8,75.5,1.0,20.83
Edo,2018,2018-01-21,3,11.0,34.7,24.2,28.0,76.9,0.6,16.67
Edo,2018,2018-01-28,4,6.0,36.0,21.1,27.4,71.1,0.0,0.0
Edo,2018,2018-02-04,5,3.0,37.2,24.5,29.5,72.5,0.0,0.0
Edo,2018,2018-02-11,6,3.0,29.7,24.6,26.9,84.9,2.7,33.33
Edo,2018,2018-02-18,7,35.0,33.4,25.5,27.3,83.2,7.9,41.67
Edo,2018,2018-02-25,8,21.0,32.3,24.2,27.6,85.3,7.7,41.67
Edo,2018,2018-03-04,9,19.0,33.0,24.2,27.6,83.4,3.7,37.5
Edo,2018,2018-03-11,10,3.0,31.8,25.1,27.5,87.1,5.3,41.67
Edo,2018,2018-03-18,11,2.0,32.8,24.1,27.5,84.4,6.0,41.67
Edo,2018,2018-03-25,12,5.0,30.2,23.3,25.8,90.2,6.9,33.33
Edo,2018,2018-04-01,13,2.0,32.2,25.9,28.2,87.2,2.2,41.67
Edo,2018,2018-04-08,14,3.0,30.1,22.6,26.2,89.3,8.5,41.67
Edo,2018,2018-04-15,15,2.0,28.9,24.7,26.4,89.5,10.0,54.17
Edo,2018,2018-04-22,16,1.0,33.0,24.1,27.4,88.2,6.7,37.5
Edo,2018,2018-04-29,17,1.0,34.0,23.7,27.8,83.1,11.2,16.67
Edo,2018,2018-05-06,18,2.0,31.7,23.4,26.9,87.0,7.8,66.67
Edo,2018,2018-05-13,19,1.0,30.0,23.6,26.1,89.2,5.6,37.5
Edo,2018,2018-05-20,20,1.0,32.0,25.1,28.1,85.1,5.9,50.0
Edo,2018,2018-05-27,21,0.0,29.4,23.5,25.8,90.6,12.1,41.67
Edo,2018,2018-06-03,22,1.0,33.0,23.2,26.6,87.4,12.0,75.0
Edo,2018,2018-06-10,23,4.0,29.3,22.4,25.0,91.4,12.6,58.33
Edo,2018,2018-06-17,24,0.0,29.3,22.3,25.6,90.4,9.3,54.17
Edo,2018,2018-06-24,25,4.0,29.6,22.3,24.4,90.0,10.7,54.17
Edo,2018,2018-07-01,26,1.0,26.7,22.3,24.0,94.7,14.1,70.83
Edo,2018,2018-07-08,27,2.0,28.8,22.7,25.7,89.4,6.6,45.83
Edo,2018,2018-07-15,28,5.0,28.2,23.4,25.4,90.1,7.0,45.83
Edo,2018,2018-07-22,29,5.0,29.4,22.8,25.4,89.8,1.8,33.33
Edo,2018,2018-07-29,30,4.0,26.4,22.6,24.0,92.4,14.6,50.0
Edo,2018,2018-08-05,31,7.0,27.9,23.3,24.9,85.1,1.7,37.5
Edo,2018,2018-08-12,32,2.0,27.5,22.7,24.7,90.4,11.4,45.83
Edo,2018,2018-08-19,33,3.0,28.8,23.4,24.8,92.6,14.9,95.83
Edo,2018,2018-08-26,34,1.0,30.0,22.3,25.6,84.0,0.6,25.0
Edo,2018,2018-09-02,35,5.0,28.0,23.0,24.8,93.1,9.8,62.5
Edo,2018,2018-09-09,36,6.0,27.6,23.2,24.9,91.3,12.9,58.33
Edo,2018,2018-09-16,37,2.0,30.2,23.1,26.0,87.6,9.3,62.5
Edo,2018,2018-09-23,38,2.0,27.2,22.3,24.1,92.7,7.6,50.0
Edo,2018,2018-09-30,39,3.0,31.0,23.3,26.1,88.4,9.5,33.33
Edo,2018,2018-10-07,40,5.0,30.9,24.1,26.5,88.5,9.4,41.67
Edo,2018,2018-10-14,41,4.0,28.2,22.4,25.0,90.0,8.1,41.67
Edo,2018,2018-10-21,42,0.0,31.1,24.0,26.8,91.7,11.5,37.5
Edo,2018,2018-10-28,43,4.0,29.7,23.6,25.5,90.9,16.2,58.33
Edo,2018,2018-11-04,44,3.0,31.3,22.5,26.2,89.2,4.9,41.67
Edo,2018,2018-11-11,45,3.0,31.9,22.8,27.0,87.9,3.1,20.83
Edo,2018,2018-11-18,46,1.0,32.6,24.7,27.6,86.2,4.3,41.67
Edo,2018,2018-11-25,47,3.0,33.3,24.7,28.3,83.9,0.3,12.5
Edo,2018,2018-12-02,48,2.0,32.0,23.8,26.9,87.7,3.4,29.17
Edo,2018,2018-12-09,49,0.0,31.4,22.4,26.4,83.3,10.5,37.5
Edo,2018,2018-12-16,50,3.0,33.1,23.1,27.3,83.1,0.8,16.67
Edo,2018,2018-12-23,51,2.0,34.4,20.4,26.9,72.2,0.0,0.0
Edo,2018,2018-12-31,52,9.0,35.4,23.1,27.7,73.5,0.0,0.0
Edo,2019,2019-01-06,1,9.0,35.099999999999994,22.0,27.35,71.85,0.0,0.0
Edo,2019,2019-01-13,2,12.0,33.5,24.2,28.1,82.2,1.0,29.17
Edo,2019,2019-01-20,3,31.0,32.7,25.1,27.8,81.9,2.1,20.83
Edo,2019,2019-01-27,4,24.0,33.0,25.3,28.3,84.0,2.3,45.83
Edo,2019,2019-02-03,5,20.0,32.3,25.1,28.0,85.4,8.1,37.5
Edo,2019,2019-02-10,6,10.0,35.5,22.1,27.6,74.3,0.0,0.0
Edo,2019,2019-02-17,7,6.0,34.8,24.3,28.6,73.0,0.4,12.5
Edo,2019,2019-02-24,8,11.0,28.0,25.1,26.3,88.1,9.8,50.0
Edo,2019,2019-03-03,9,20.0,32.8,25.2,28.1,87.5,1.6,20.83
Edo,2019,2019-03-10,10,23.0,30.5,25.2,27.7,88.4,10.2,41.67
Edo,2019,2019-03-17,11,8.0,30.7,23.7,26.5,88.2,3.4,37.5
Edo,2019,2019-03-24,12,4.0,31.9,25.2,27.0,89.5,11.8,37.5
Edo,2019,2019-03-31,13,6.0,33.0,24.7,28.2,82.8,4.0,25.0
Edo,2019,2019-04-07,14,2.0,29.2,25.2,26.6,92.6,16.9,50.0
Edo,2019,2019-04-14,15,1.0,27.7,23.3,25.2,90.5,2.4,41.67
Edo,2019,2019-04-21,16,2.0,32.6,25.5,28.1,88.1,3.5,37.5
Edo,2019,2019-04-28,17,0.0,32.9,26.6,29.0,86.5,2.3,37.5
Edo,2019,2019-05-05,18,3.0,32.7,25.5,28.0,87.6,7.7,29.17
Edo,2019,2019-05-12,19,2.0,32.8,23.9,27.4,87.5,9.5,45.83
Edo,2019,2019-05-19,20,2.0,31.6,24.8,27.3,89.0,6.3,33.33
Edo,2019,2019-05-26,21,2.0,31.8,23.2,26.5,91.1,13.3,54.17
Edo,2019,2019-06-02,22,2.0,30.0,24.2,26.3,89.8,8.4,75.0
Edo,2019,2019-06-09,23,4.0,27.1,24.1,25.6,93.4,8.6,62.5
Edo,2019,2019-06-16,24,2.0,29.6,23.7,26.4,91.6,5.9,37.5
Edo,2019,2019-06-23,25,4.0,29.3,23.4,25.6,90.0,8.4,62.5
Edo,2019,2019-06-30,26,1.0,28.5,24.6,26.2,89.4,9.3,54.17
Edo,2019,2019-07-07,27,5.0,27.7,23.5,25.2,89.6,7.1,66.67
Edo,2019,2019-07-14,28,4.0,30.0,22.3,24.8,91.3,14.3,58.33
Edo,2019,2019-07-21,29,4.0,27.6,23.1,24.6,94.3,4.8,58.33
Edo,2019,2019-07-28,30,2.0,25.6,23.4,24.5,93.1,21.9,79.17
Edo,2019,2019-08-04,31,7.0,28.1,22.9,25.1,88.0,1.6,50.0
Edo,2019,2019-08-11,32,2.0,29.5,22.7,25.4,87.0,0.8,29.17
Edo,2019,2019-08-18,33,2.0,29.9,22.9,25.5,86.1,2.4,41.67
Edo,2019,2019-08-25,34,0.0,28.4,23.0,24.6,92.0,5.0,79.17
Edo,2019,2019-09-01,35,0.0,28.0,23.3,25.1,90.3,15.6,83.33
Edo,2019,2019-09-08,36,3.0,28.4,23.7,25.0,92.8,13.0,83.33
Edo,2019,2019-09-15,37,3.0,28.2,23.2,25.1,93.3,13.9,66.67
Edo,2019,2019-09-22,38,3.0,29.3,22.6,25.7,88.1,10.9,58.33
Edo,2019,2019-09-29,39,7.0,30.3,23.2,25.9,88.2,4.4,66.67
Edo,2019,2019-10-06,40,5.0,29.3,22.7,25.2,89.1,8.3,50.0
Edo,2019,2019-10-13,41,2.0,30.4,23.0,26.0,88.7,10.2,20.83
Edo,2019,2019-10-20,42,6.0,27.8,23.2,24.9,92.6,12.7,83.33
Edo,2019,2019-10-27,43,2.0,27.0,23.5,24.9,93.3,33.8,91.67
Edo,2019,2019-11-03,44,5.0,28.6,22.7,25.1,91.3,10.0,50.0
Edo,2019,2019-11-10,45,2.0,27.0,24.0,25.4,93.6,8.1,50.0
Edo,2019,2019-11-17,46,5.0,32.7,24.5,28.0,87.8,1.7,33.33
Edo,2019,2019-11-24,47,3.0,32.5,24.3,27.9,87.1,2.4,41.67
Edo,2019,2019-12-01,48,2.0,33.0,24.9,27.5,89.2,1.7,37.5
Edo,2019,2019-12-08,49,0.0,31.9,24.2,27.0,88.1,2.0,41.67
Edo,2019,2019-12-15,50,1.0,31.9,22.0,26.4,84.4,1.4,29.17
Edo,2019,2019-12-22,51,1.0,34.0,22.9,27.4,78.8,0.0,0.0
Edo,2019,2019-12-29,52,2.0,35.1,18.8,26.0,69.0,0.0,0.0
Edo,2020,2020-01-05,1,7.0,32.6,18.6,25.1,45.1,0.0,0.0
Edo,2020,2020-01-12,2,18.0,34.4,24.1,28.4,79.0,1.0,12.5
Edo,2020,2020-01-19,3,33.0,34.3,21.0,26.9,64.6,0.0,0.0
Edo,2020,2020-01-26,4,34.0,35.7,15.5,25.4,46.0,0.0,0.0
Edo,2020,2020-02-02,5,40.0,35.8,18.8,26.7,65.2,0.0,0.0
Edo,2020,2020-02-09,6,39.0,36.1,21.6,28.3,73.1,0.0,0.0
Edo,2020,2020-02-16,7,41.0,35.1,23.6,28.6,71.6,0.0,0.0
Edo,2020,2020-02-23,8,22.0,37.4,27.0,30.8,73.1,0.2,8.33
Edo,2020,2020-03-01,9,31.0,32.8,26.6,29.0,82.8,6.5,25.0
Edo,2020,2020-03-08,10,25.0,34.4,25.7,29.1,80.8,3.7,37.5
Edo,2020,2020-03-15,11,11.0,34.8,25.9,29.4,78.9,0.2,8.33
Edo,2020,2020-03-22,12,8.0,32.5,24.7,28.2,83.8,2.7,29.17
Edo,2020,2020-03-29,13,3.0,30.3,25.7,28.0,88.0,6.7,37.5
Edo,2020,2020-04-05,14,5.0,32.8,24.3,28.0,85.9,0.0,0.0
Edo,2020,2020-04-12,15,6.0,33.3,24.4,28.2,83.0,0.3,8.33
Edo,2020,2020-04-19,16,0.0,29.9,24.2,26.8,89.3,9.2,54.17
Edo,2020,2020-04-26,17,1.0,28.6,23.0,26.0,91.7,7.0,54.17
Edo,2020,2020-05-03,18,0.0,29.3,24.4,26.3,95.0,12.5,45.83
Edo,2020,2020-05-10,19,2.0,30.1,24.2,26.4,92.6,7.2,70.83
Edo,2020,2020-05-17,20,3.0,32.5,25.2,28.0,88.1,4.7,33.33
Edo,2020,2020-05-24,21,2.0,30.4,24.1,26.4,91.7,17.2,66.67
Edo,2020,2020-05-31,22,2.0,30.8,22.6,26.6,89.4,1.8,45.83
Edo,2020,2020-06-07,23,2.0,30.3,22.7,25.7,91.3,8.0,45.83
Edo,2020,2020-06-14,24,1.0,29.9,23.8,26.4,92.0,3.5,33.33
Edo,2020,2020-06-21,25,1.0,29.9,23.0,25.7,92.2,10.3,62.5
Edo,2020,2020-06-28,26,1.0,27.8,23.1,25.1,93.6,13.9,83.33
Edo,2020,2020-07-05,27,2.0,29.4,22.5,24.9,90.9,7.8,79.17
Edo,2020,2020-07-12,28,0.0,28.1,23.5,25.0,90.8,7.5,41.67
Edo,2020,2020-07-19,29,0.0,27.7,23.3,24.9,92.1,10.8,62.5
Edo,2020,2020-07-26,30,0.0,28.2,23.0,25.6,86.9,4.6,37.5
Edo,2020,2020-08-02,31,0.0,28.0,23.1,25.2,86.3,1.5,37.5
Edo,2020,2020-08-09,32,1.0,29.4,21.8,24.9,84.2,0.5,20.83
Edo,2020,2020-08-16,33,1.0,30.3,22.7,26.1,84.2,1.4,41.67
Edo,2020,2020-08-23,34,2.0,29.1,22.8,25.5,87.3,1.4,33.33
Edo,2020,2020-08-30,35,1.0,30.2,23.8,25.9,86.9,4.8,50.0
Edo,2020,2020-09-06,36,2.0,29.1,22.9,25.4,88.2,7.6,45.83
Edo,2020,2020-09-13,37,3.0,26.7,21.9,24.1,95.0,49.8,62.5
Edo,2020,2020-09-20,38,1.0,28.7,23.1,24.6,94.8,26.7,75.0
Edo,2020,2020-09-27,39,2.0,27.7,22.4,24.8,92.9,12.1,79.17
Edo,2020,2020-10-04,40,1.0,28.1,22.7,25.1,92.9,17.7,41.67
Edo,2020,2020-10-11,41,1.0,29.5,23.0,25.6,90.6,5.4,66.67
Edo,2020,2020-10-18,42,6.0,31.0,24.0,26.8,89.3,9.1,50.0
Edo,2020,2020-10-25,43,2.0,31.1,23.1,26.2,92.8,9.8,45.83
Edo,2020,2020-11-01,44,5.0,31.5,24.5,27.0,89.6,3.7,33.33
Edo,2020,2020-11-08,45,1.0,31.4,24.0,26.5,89.3,4.9,33.33
Edo,2020,2020-11-15,46,0.0,31.7,24.4,27.3,87.3,1.3,29.17
Edo,2020,2020-11-22,47,3.0,32.2,23.6,27.2,84.5,0.3,8.33
Edo,2020,2020-11-29,48,2.0,33.2,23.4,27.4,84.1,0.9,25.0
Edo,2020,2020-12-06,49,0.0,31.4,24.9,27.6,87.2,2.3,41.67
Edo,2020,2020-12-13,50,2.0,31.0,24.6,26.6,89.2,6.4,33.33
Edo,2020,2020-12-20,51,6.0,32.4,24.2,27.0,87.5,3.3,33.33
Edo,2020,2020-12-27,52,1.0,32.6,22.1,26.8,78.8,0.1,4.17
Edo,2020,2021-01-03,53,5.0,32.0,24.9,27.6,85.7,1.5,37.5
Edo,2021,2021-01-10,1,3.0,32.5,24.6,27.7,85.9,2.6,41.67
Edo,2021,2021-01-17,2,11.0,32.0,22.5,26.7,84.3,0.2,8.33
Edo,2021,2021-01-24,3,8.0,33.9,19.7,26.1,74.2,0.0,0.0
Edo,2021,2021-01-31,4,4.0,35.0,23.3,28.2,75.4,0.0,0.0
Edo,2021,2021-02-07,5,6.0,35.6,25.4,29.2,76.5,0.7,25.0
Edo,2021,2021-02-14,6,10.0,33.4,25.9,28.3,85.1,3.6,50.0
Edo,2021,2021-02-21,7,8.0,34.7,19.9,26.5,56.8,0.0,0.0
Edo,2021,2021-02-28,8,10.0,33.9,24.2,28.1,79.0,0.8,25.0
Edo,2021,2021-03-07,9,13.0,34.5,26.4,29.2,81.8,3.2,54.17
Edo,2021,2021-03-14,10,14.0,29.5,24.0,25.7,90.6,3.9,33.33
Edo,2021,2021-03-21,11,10.0,31.2,23.6,27.2,83.3,3.6,29.17
Edo,2021,2021-03-28,12,5.0,34.9,24.3,29.1,77.1,0.3,12.5
Edo,2021,2021-04-04,13,0.0,33.4,25.9,28.8,81.0,1.6,37.5
Edo,2021,2021-04-11,14,1.0,32.8,24.3,27.9,81.1,1.6,25.0
Edo,2021,2021-04-18,15,5.0,27.0,24.1,25.1,92.1,0.2,8.33
Edo,2021,2021-04-25,16,2.0,32.5,24.1,27.9,83.4,0.0,0.0
Edo,2021,2021-05-02,17,3.0,31.6,24.9,27.4,89.5,7.8,33.33
Edo,2021,2021-05-09,18,3.0,29.1,23.5,25.7,92.4,3.1,41.67
Edo,2021,2021-05-16,19,0.0,30.0,22.8,26.0,92.1,5.5,33.33
Edo,2021,2021-05-23,20,4.0,30.2,23.0,26.0,87.6,0.2,8.33
Edo,2021,2021-05-30,21,5.0,30.4,24.3,26.6,90.8,9.9,25.0
Edo,2021,2021-06-06,22,4.0,30.2,22.7,25.5,91.9,9.7,41.67
Edo,2021,2021-06-13,23,2.0,30.3,22.3,26.4,87.5,0.0,0.0
Edo,2021,2021-06-20,24,4.0,28.5,24.1,25.6,92.3,23.1,66.67
Edo,2021,2021-06-27,25,7.0,28.2,22.7,25.0,91.1,0.4,12.5
Edo,2021,2021-07-04,26,2.0,26.0,21.7,23.8,95.5,7.5,95.83
Edo,2021,2021-07-11,27,2.0,28.8,23.8,25.6,89.2,14.0,37.5
Edo,2021,2021-07-18,28,2.0,29.1,24.0,25.8,89.6,2.4,37.5
Edo,2021,2021-07-25,29,1.0,29.6,22.4,25.8,85.9,2.1,41.67
Edo,2021,2021-08-01,30,7.0,29.3,23.0,25.7,88.9,4.0,54.17
Edo,2021,2021-08-08,31,1.0,26.0,23.0,24.1,94.8,23.7,100.0
Edo,2021,2021-08-15,32,1.0,29.8,23.0,25.9,85.6,2.4,37.5
Edo,2021,2021-08-22,33,1.0,31.6,23.0,25.6,90.7,14.7,66.67
Edo,2021,2021-08-29,34,6.0,29.1,23.9,25.5,90.8,21.1,95.83
Edo,2021,2021-09-05,35,0.0,29.0,23.6,25.0,95.2,26.2,66.67
Edo,2021,2021-09-12,36,0.0,29.7,24.2,26.5,89.0,8.4,45.83
Edo,2021,2021-09-19,37,1.0,31.1,23.4,26.4,87.1,3.9,45.83
Edo,2021,2021-09-26,38,6.0,30.4,23.4,26.2,87.0,2.3,45.83
Edo,2021,2021-10-03,39,1.0,31.7,21.6,26.2,88.2,7.5,50.0
Edo,2021,2021-10-10,40,0.0,29.2,22.8,25.3,93.9,25.2,83.33
Edo,2021,2021-10-17,41,2.0,29.0,23.6,25.6,92.8,11.8,54.17
Edo,2021,2021-10-24,42,2.0,32.1,23.2,27.2,82.6,0.0,0.0
Edo,2021,2021-10-31,43,1.0,30.2,24.5,27.1,89.5,1.6,33.33
Edo,2021,2021-11-07,44,5.0,29.6,24.1,26.1,93.6,9.3,41.67
Edo,2021,2021-11-14,45,3.0,32.1,23.2,26.6,90.5,6.6,29.17
Edo,2021,2021-11-21,46,4.0,31.7,24.4,27.4,88.3,2.2,37.5
Edo,2021,2021-11-28,47,1.0,32.5,25.0,27.9,87.6,1.2,20.83
Edo,2021,2021-12-05,48,1.0,34.0,24.2,28.1,85.7,1.0,33.33
Edo,2021,2021-12-12,49,3.0,33.4,24.4,28.1,80.3,0.0,0.0
Edo,2021,2021-12-19,50,2.0,33.2,19.3,25.9,66.9,0.0,0.0
Edo,2021,2021-12-26,51,6.0,36.0,24.0,28.5,77.6,0.0,0.0
Edo,2021,2022-01-02,52,9.0,34.1,22.7,27.0,81.4,0.5,16.67
Edo,2022,2022-01-09,1,13.0,36.0,23.6,27.7,80.9,0.4,8.33
Edo,2022,2022-01-16,2,17.0,37.6,22.7,28.6,67.1,0.0,0.0
Edo,2022,2022-01-23,3,18.0,36.6,22.8,28.6,64.4,0.0,0.0
Edo,2022,2022-01-30,4,10.0,38.0,19.8,27.6,23.3,0.0,0.0
Edo,2022,2022-02-06,5,15.0,39.1,21.3,28.8,59.1,0.0,0.0
Edo,2022,2022-02-13,6,11.0,39.0,23.7,30.0,65.7,0.0,0.0
Edo,2022,2022-02-20,7,22.0,38.1,24.2,29.7,65.9,0.3,8.33
Edo,2022,2022-02-27,8,24.0,39.7,24.4,29.1,72.2,0.7,20.83
Edo,2022,2022-03-06,9,14.0,32.9,25.5,28.8,74.8,3.1,25.0
Edo,2022,2022-03-13,10,11.0,35.3,23.0,26.9,80.4,2.3,20.83
Edo,2022,2022-03-20,11,4.0,34.0,25.4,29.0,71.6,0.4,12.5
Edo,2022,2022-03-27,12,6.0,39.4,25.5,29.8,71.2,0.6,20.83
Edo,2022,2022-04-03,13,3.0,32.9,24.4,28.0,75.9,0.5,20.83
Edo,2022,2022-04-10,14,2.75,34.7,24.7,28.1,74.5,1.0,25.0
Edo,2022,2022-04-17,15,5.0,38.1,24.6,28.2,76.3,0.9,20.83
Edo,2022,2022-04-24,16,6.0,29.2,24.3,25.9,84.8,1.7,12.5
Edo,2022,2022-05-01,17,3.0,32.4,23.8,27.4,79.0,1.4,12.5
Edo,2022,2022-05-08,18,1.0,34.8,24.2,28.3,76.1,1.5,20.83
Edo,2022,2022-05-15,19,4.0,33.7,23.9,27.1,86.1,5.9,20.83
Edo,2022,2022-05-22,20,1.0,29.7,22.7,24.8,90.4,7.9,54.17
Edo,2022,2022-05-29,21,1.0,33.5,22.3,26.0,80.2,1.5,16.67
Edo,2022,2022-06-05,22,3.0,28.4,21.6,23.3,93.4,19.9,25.0
Edo,2022,2022-06-12,23,3.0,32.5,21.5,25.3,85.6,1.5,20.83
Edo,2022,2022-06-19,24,2.0,30.6,21.1,24.7,87.8,3.6,37.5
Edo,2022,2022-06-26,25,4.0,27.4,22.7,24.4,93.3,7.8,54.17
Edo,2022,2022-07-03,26,1.0,31.4,21.8,24.9,86.5,5.8,29.17
Edo,2022,2022-07-10,27,3.0,25.9,22.4,23.5,95.4,12.9,83.33
Edo,2022,2022-07-17,28,4.0,30.9,22.0,25.2,82.0,0.6,25.0
Edo,2022,2022-07-24,29,5.0,27.7,22.1,24.2,91.0,12.5,62.5
Edo,2022,2022-07-31,30,2.0,26.1,21.8,23.8,93.4,10.4,66.67
Edo,2022,2022-08-07,31,3.0,28.6,21.6,24.5,84.9,2.5,33.33
Edo,2022,2022-08-14,32,5.0,24.1,22.5,22.8,96.8,10.9,87.5
Edo,2022,2022-08-21,33,1.0,33.0,20.7,25.6,78.5,0.0,0.0
Edo,2022,2022-08-28,34,2.0,28.2,21.8,24.4,86.5,2.6,41.67
Edo,2022,2022-09-04,35,4.0,27.4,22.0,24.3,90.8,10.9,66.67
Edo,2022,2022-09-11,36,1.0,24.7,22.9,23.5,95.2,9.0,54.17
Edo,2022,2022-09-18,37,0.0,27.3,22.2,24.5,91.6,8.5,62.5
Edo,2022,2022-09-25,38,0.0,29.7,22.4,25.2,90.1,5.3,37.5
Edo,2022,2022-10-02,39,0.0,28.0,22.5,24.7,89.9,4.6,20.83
Edo,2022,2022-10-09,40,0.0,27.1,22.0,24.2,90.9,6.1,50.0
Edo,2022,2022-10-16,41,2.0,32.3,22.6,25.9,85.5,7.0,37.5
Edo,2022,2022-10-23,42,1.0,30.5,23.0,25.8,86.7,1.5,29.17
Edo,2022,2022-10-30,43,6.0,35.0,22.6,26.8,79.9,0.6,8.33
Edo,2022,2022-11-06,44,5.0,34.4,22.9,27.3,71.0,0.0,0.0
Edo,2022,2022-11-13,45,4.0,34.5,22.9,27.2,78.6,0.2,8.33
Edo,2022,2022-11-20,46,1.0,36.4,23.2,28.3,72.7,0.1,4.17
Edo,2022,2022-11-27,47,1.0,36.4,23.6,27.8,74.4,0.3,12.5
Edo,2022,2022-12-04,48,3.0,37.3,23.3,28.6,72.8,0.0,0.0
Edo,2022,2022-12-11,49,0.0,37.5,23.2,28.6,68.4,0.1,4.17
Edo,2022,2022-12-18,50,0.0,37.0,23.8,28.9,66.7,1.3,12.5
Edo,2022,2022-12-25,51,3.0,35.1,20.3,26.8,38.2,0.0,0.0
Edo,2022,2023-01-01,52,9.0,38.6,19.6,27.3,32.0,0.0,0.0
Edo,2023,2023-01-08,1,16.0,37.9,22.2,27.8,67.0,0.0,0.0
Edo,2023,2023-01-15,2,25.0,37.7,21.8,28.6,66.2,0.0,0.0
Edo,2023,2023-01-22,3,48.0,39.4,23.5,29.4,67.6,1.1,16.67
Edo,2023,2023-01-29,4,25.0,36.2,23.8,27.4,77.3,9.1,33.33
Edo,2023,2023-02-05,5,35.0,37.5,24.6,29.0,70.1,0.3,8.33
Edo,2023,2023-02-12,6,15.0,39.1,25.0,30.4,65.6,0.1,4.17
Edo,2023,2023-02-19,7,12.0,40.0,21.2,29.1,49.3,0.0,0.0
Edo,2023,2023-02-26,8,5.0,38.4,24.8,29.3,71.9,0.0,0.0
Edo,2023,2023-03-05,9,16.0,36.5,22.8,27.6,77.3,4.5,20.83
Edo,2023,2023-03-12,10,23.0,37.7,23.6,29.1,69.3,0.1,4.17
Edo,2023,2023-03-19,11,12.0,33.7,23.7,26.7,81.4,39.3,20.83
Edo,2023,2023-03-26,12,7.0,35.1,24.0,27.7,77.8,8.1,37.5
Edo,2023,2023-04-02,13,5.0,35.8,22.9,28.1,75.6,10.9,33.33
Edo,2023,2023-04-09,14,4.0,32.2,22.1,26.8,82.3,37.6,37.5
Edo,2023,2023-04-16,15,3.0,38.1,25.2,29.3,74.0,1.0,16.67
Edo,2023,2023-04-23,16,7.0,31.8,24.5,27.3,82.5,3.5,45.83
Edo,2023,2023-04-30,17,8.0,30.7,23.0,26.3,86.1,1.4,25.0
Edo,2023,2023-05-07,18,1.0,35.6,22.4,27.4,76.1,0.4,4.17
Edo,2023,2023-05-14,19,4.0,34.0,24.9,27.4,85.2,9.2,29.17
Edo,2023,2023-05-21,20,1.0,34.0,24.3,27.4,85.3,6.5,37.5
Edo,2023,2023-05-28,21,3.0,32.0,22.7,26.8,81.7,0.9,20.83
Edo,2023,2023-06-04,22,2.0,34.0,23.0,26.5,87.5,7.3,41.67
Edo,2023,2023-06-11,23,1.0,29.1,23.1,24.0,95.8,27.4,79.17
Edo,2023,2023-06-18,24,4.0,31.9,23.8,26.1,89.1,18.3,70.83
Edo,2023,2023-06-25,25,3.0,26.1,22.1,23.9,94.5,6.3,58.33
Edo,2023,2023-07-02,26,0.0,30.2,23.1,25.3,91.5,16.8,58.33
Edo,2023,2023-07-09,27,1.0,31.0,22.1,24.7,92.6,16.7,50.0
Edo,2023,2023-07-16,28,3.0,31.0,23.1,25.7,91.2,10.1,50.0
Edo,2023,2023-07-23,29,3.0,26.5,23.4,24.5,94.2,23.7,79.17
Edo,2023,2023-07-30,30,3.0,29.0,22.6,24.4,94.7,7.3,50.0
Edo,2023,2023-08-06,31,0.0,26.3,22.8,24.2,94.6,15.4,75.0
Edo,2023,2023-08-13,32,1.0,27.2,22.9,24.4,93.3,20.3,58.33
Edo,2023,2023-08-20,33,3.0,30.9,22.2,25.2,88.4,0.4,12.5
Edo,2023,2023-08-27,34,5.0,29.5,23.0,24.7,92.7,26.4,58.33
Edo,2023,2023-09-03,35,1.0,27.0,22.3,24.3,94.6,11.4,70.83
Edo,2023,2023-09-10,36,2.0,30.7,22.7,25.8,88.1,4.5,37.5
Edo,2023,2023-09-17,37,2.0,27.2,22.6,24.4,94.5,13.1,70.83
Edo,2023,2023-09-24,38,0.0,31.2,22.5,25.5,87.0,1.6,16.67
Edo,2023,2023-10-01,39,4.0,30.7,23.2,25.9,87.7,5.7,54.17
Edo,2023,2023-10-08,40,2.0,31.0,22.5,25.1,90.0,0.7,25.0
Edo,2023,2023-10-15,41,6.0,32.5,23.5,26.2,88.2,8.9,41.67
Edo,2023,2023-10-22,42,3.0,32.0,23.0,26.3,88.8,4.6,37.5
Edo,2023,2023-10-29,43,0.0,33.3,24.2,27.0,86.4,3.4,25.0
Edo,2023,2023-11-05,44,2.0,32.8,23.4,26.9,84.2,1.8,25.0
Edo,2023,2023-11-12,45,2.0,33.1,23.6,27.0,86.9,3.9,33.33
Edo,2023,2023-11-19,46,3.0,34.5,24.2,28.2,76.8,1.8,25.0
Edo,2023,2023-11-26,47,4.0,26.3,23.5,24.6,93.7,6.7,62.5
Edo,2023,2023-12-03,48,1.0,35.7,24.5,28.9,76.8,0.9,12.5
Edo,2023,2023-12-10,49,3.0,36.9,24.2,29.3,71.8,2.2,29.17
Edo,2023,2023-12-17,50,2.0,38.2,22.2,28.4,58.2,0.0,0.0
Edo,2023,2023-12-24,51,0.0,38.9,21.5,28.6,40.6,0.0,0.0
Edo,2023,2023-12-31,52,10.0,36.5,22.5,28.2,73.6,0.0,0.0
Ondo,2018,2018-01-07,1,0.0,32.0,16.7,24.1,66.7,0.0,0.0
Ondo,2018,2018-01-14,2,8.0,33.2,22.6,26.8,65.3,0.0,0.0
Ondo,2018,2018-01-21,3,14.0,35.5,22.8,27.7,63.7,0.0,0.0
Ondo,2018,2018-01-28,4,4.0,35.8,19.4,27.0,52.9,0.0,0.0
Ondo,2018,2018-02-04,5,5.0,37.7,22.3,29.2,59.9,0.0,0.0
Ondo,2018,2018-02-11,6,7.0,29.8,24.0,26.6,80.9,2.3,29.17
Ondo,2018,2018-02-18,7,19.0,31.2,24.6,26.7,81.0,5.2,70.83
Ondo,2018,2018-02-25,8,9.0,33.5,23.4,27.7,78.4,1.3,29.17
Ondo,2018,2018-03-04,9,5.0,34.7,23.4,27.6,75.5,0.5,16.67
Ondo,2018,2018-03-11,10,2.0,31.2,24.0,27.0,81.6,1.8,37.5
Ondo,2018,2018-03-18,11,2.0,33.2,23.1,26.4,81.4,2.9,37.5
Ondo,2018,2018-03-25,12,2.0,29.9,22.8,25.2,86.0,10.1,37.5
Ondo,2018,2018-04-01,13,1.0,32.6,24.6,27.7,78.0,0.1,4.17
Ondo,2018,2018-04-08,14,2.0,30.9,21.7,25.6,85.7,3.5,41.67
Ondo,2018,2018-04-15,15,0.0,29.5,24.2,26.0,83.0,1.8,20.83
Ondo,2018,2018-04-22,16,0.0,30.3,23.2,25.9,84.8,1.5,12.5
Ondo,2018,2018-04-29,17,1.0,34.0,23.6,27.0,82.1,5.2,8.33
Ondo,2018,2018-05-06,18,0.0,31.0,21.8,25.4,85.8,2.7,45.83
Ondo,2018,2018-05-13,19,3.0,29.2,22.6,25.4,84.7,1.7,37.5
Ondo,2018,2018-05-20,20,0.0,31.9,24.5,27.0,85.1,4.7,45.83
Ondo,2018,2018-05-27,21,0.0,30.2,23.1,25.3,85.3,4.8,33.33
Ondo,2018,2018-06-03,22,0.0,31.9,22.7,26.0,83.0,3.5,37.5
Ondo,2018,2018-06-10,23,1.0,28.4,21.2,24.2,90.8,7.9,50.0
Ondo,2018,2018-06-17,24,1.0,28.6,22.2,24.8,87.3,6.6,50.0
Ondo,2018,2018-06-24,25,1.0,27.5,21.5,23.0,92.2,21.7,70.83
Ondo,2018,2018-07-01,26,1.0,24.7,21.6,22.9,93.4,11.5,54.17
Ondo,2018,2018-07-08,27,3.0,29.0,22.2,25.0,83.9,2.7,58.33
Ondo,2018,2018-07-15,28,1.0,26.9,23.0,24.3,89.3,10.3,45.83
Ondo,2018,2018-07-22,29,1.0,29.2,22.4,24.8,84.9,1.9,50.0
Ondo,2018,2018-07-29,30,1.0,23.9,21.9,22.7,94.6,12.6,45.83
Ondo,2018,2018-08-05,31,1.0,28.1,22.0,24.4,80.7,0.5,12.5
Ondo,2018,2018-08-12,32,1.0,28.0,22.2,24.2,85.7,8.3,25.0
Ondo,2018,2018-08-19,33,0.0,26.6,22.1,23.9,88.0,14.0,75.0
Ondo,2018,2018-08-26,34,0.0,29.0,22.1,24.9,82.0,1.6,50.0
Ondo,2018,2018-09-02,35,0.0,26.7,22.5,24.2,90.9,2.1,50.0
Ondo,2018,2018-09-09,36,0.0,28.5,22.6,24.1,89.4,7.5,62.5
Ondo,2018,2018-09-16,37,0.0,30.6,22.7,25.3,83.2,4.9,29.17
Ondo,2018,2018-09-23,38,1.0,26.0,21.6,22.9,88.8,2.4,33.33
Ondo,2018,2018-09-30,39,0.0,30.3,22.9,25.4,86.4,10.2,29.17
Ondo,2018,2018-10-07,40,2.0,32.6,22.6,25.4,85.6,8.8,37.5
Ondo,2018,2018-10-14,41,4.0,27.9,22.1,24.5,87.8,8.0,25.0
Ondo,2018,2018-10-21,42,3.0,32.1,24.0,26.6,86.0,2.8,20.83
Ondo,2018,2018-10-28,43,4.0,30.4,22.4,24.7,89.5,11.0,41.67
Ondo,2018,2018-11-04,44,1.0,32.2,22.4,25.5,84.9,5.7,29.17
Ondo,2018,2018-11-11,45,2.0,31.3,21.9,26.3,82.3,0.1,4.17
Ondo,2018,2018-11-18,46,2.0,32.8,23.4,26.6,83.2,3.1,25.0
Ondo,2018,2018-11-25,47,3.0,34.8,23.3,27.7,75.1,0.0,0.0
Ondo,2018,2018-12-02,48,8.0,32.6,23.2,26.9,74.9,0.0,0.0
Ondo,2018,2018-12-09,49,2.0,32.1,21.3,26.0,70.2,0.3,8.33
Ondo,2018,2018-12-16,50,2.0,33.8,21.1,26.6,73.4,0.0,0.0
Ondo,2018,2018-12-23,51,4.0,33.8,18.5,25.8,48.2,0.0,0.0
Ondo,2018,2018-12-31,52,6.0,34.7,21.2,26.7,60.2,0.0,0.0
Ondo,2019,2019-01-06,1,8.0,34.3,19.4,26.1,51.2,0.0,0.0
Ondo,2019,2019-01-13,2,12.0,34.9,22.5,27.9,70.7,0.0,0.0
Ondo,2019,2019-01-20,3,18.0,34.1,22.9,26.5,79.0,2.5,41.67
Ondo,2019,2019-01-27,4,28.0,35.2,23.9,27.9,74.8,0.5,20.83
Ondo,2019,2019-02-03,5,22.0,34.4,24.5,27.2,80.5,2.9,33.33
Ondo,2019,2019-02-10,6,12.0,36.6,21.0,28.3,47.9,0.0,0.0
Ondo,2019,2019-02-17,7,2.0,33.9,23.2,27.9,65.7,0.0,0.0
Ondo,2019,2019-02-24,8,2.0,26.7,24.5,25.3,86.7,13.5,45.83
Ondo,2019,2019-03-03,9,12.0,34.8,23.6,28.3,74.7,0.3,12.5
Ondo,2019,2019-03-10,10,11.0,32.7,24.5,27.0,84.2,4.1,16.67
Ondo,2019,2019-03-17,11,4.0,32.0,22.6,25.8,83.8,3.3,12.5
Ondo,2019,2019-03-24,12,3.0,32.2,24.0,26.7,84.2,2.3,37.5
Ondo,2019,2019-03-31,13,4.0,32.4,23.7,27.0,80.5,2.3,20.83
Ondo,2019,2019-04-07,14,5.0,28.6,22.7,25.6,88.4,10.8,41.67
Ondo,2019,2019-04-14,15,0.0,28.8,22.4,25.3,82.7,0.9,29.17
Ondo,2019,2019-04-21,16,2.0,32.9,24.7,28.0,80.5,1.0,8.33
Ondo,2019,2019-04-28,17,4.0,32.6,25.3,28.2,82.3,1.8,41.67
Ondo,2019,2019-05-05,18,7.0,33.7,23.2,27.4,82.3,5.9,12.5
Ondo,2019,2019-05-12,19,0.0,33.2,23.0,26.7,85.3,28.2,37.5
Ondo,2019,2019-05-19,20,2.0,30.6,24.3,26.8,83.3,2.4,25.0
Ondo,2019,2019-05-26,21,1.0,30.8,22.6,25.9,87.0,7.7,50.0
Ondo,2019,2019-06-02,22,0.0,27.8,23.6,25.2,88.5,12.4,66.67
Ondo,2019,2019-06-09,23,1.0,27.8,23.4,24.9,92.1,11.7,70.83
Ondo,2019,2019-06-16,24,2.0,30.1,22.6,25.6,86.3,0.7,20.83
Ondo,2019,2019-06-23,25,6.0,28.8,21.8,24.7,89.2,5.9,37.5
Ondo,2019,2019-06-30,26,0.0,27.3,23.5,25.1,87.8,5.6,37.5
Ondo,2019,2019-07-07,27,6.0,29.3,22.7,24.9,87.0,6.8,62.5
Ondo,2019,2019-07-14,28,2.0,30.5,22.0,24.7,85.9,4.4,33.33
Ondo,2019,2019-07-21,29,1.0,27.6,22.1,24.1,87.4,4.6,66.67
Ondo,2019,2019-07-28,30,6.0,26.4,22.6,23.8,90.7,11.9,66.67
Ondo,2019,2019-08-04,31,3.0,28.2,22.3,24.5,84.6,2.3,54.17
Ondo,2019,2019-08-11,32,2.0,29.6,22.4,24.7,83.9,2.3,37.5
Ondo,2019,2019-08-18,33,0.0,29.6,22.5,25.0,81.2,2.9,37.5
Ondo,2019,2019-08-25,34,0.0,28.0,22.0,23.9,91.0,1.7,37.5
Ondo,2019,2019-09-01,35,0.0,26.2,22.3,23.9,92.9,12.9,83.33
Ondo,2019,2019-09-08,36,6.0,29.4,23.0,24.7,89.4,7.1,33.33
Ondo,2019,2019-09-15,37,2.0,29.0,22.0,24.9,88.3,9.1,41.67
Ondo,2019,2019-09-22,38,4.0,31.1,21.0,25.0,86.4,4.2,29.17
Ondo,2019,2019-09-29,39,6.0,31.0,21.5,25.1,84.5,1.8,29.17
Ondo,2019,2019-10-06,40,1.0,30.0,21.6,24.3,87.7,5.6,29.17
Ondo,2019,2019-10-13,41,2.0,32.0,21.0,25.9,84.1,5.9,20.83
Ondo,2019,2019-10-20,42,6.0,27.0,21.6,23.6,92.8,10.8,83.33
Ondo,2019,2019-10-27,43,2.0,30.0,22.8,24.4,91.3,7.1,58.33
Ondo,2019,2019-11-03,44,6.0,31.0,22.9,25.2,87.2,8.4,37.5
Ondo,2019,2019-11-10,45,5.0,28.0,23.8,25.7,91.1,4.5,16.67
Ondo,2019,2019-11-17,46,7.0,33.0,24.1,27.8,80.6,0.1,4.17
Ondo,2019,2019-11-24,47,5.0,33.0,24.5,27.8,82.0,0.2,8.33
Ondo,2019,2019-12-01,48,6.0,32.2,23.3,27.1,80.0,0.0,0.0
Ondo,2019,2019-12-08,49,11.0,32.1,23.4,26.8,79.7,0.3,8.33
Ondo,2019,2019-12-15,50,3.0,33.0,22.0,26.2,75.2,0.2,8.33
Ondo,2019,2019-12-22,51,5.0,35.1,20.0,26.8,65.5,0.0,0.0
Ondo,2019,2019-12-29,52,8.0,36.0,17.0,25.3,41.7,0.0,0.0
Ondo,2020,2020-01-05,1,7.0,31.1,17.1,24.2,42.0,0.0,0.0
Ondo,2020,2020-01-12,2,32.0,35.0,23.8,27.8,74.2,0.1,4.17
Ondo,2020,2020-01-19,3,42.0,33.0,19.0,25.6,41.6,0.0,0.0
Ondo,2020,2020-01-26,4,16.0,34.9,17.8,26.0,28.2,0.0,0.0
Ondo,2020,2020-02-02,5,27.0,36.0,17.2,25.7,30.0,0.0,0.0
Ondo,2020,2020-02-09,6,27.0,35.3,18.0,27.2,52.3,0.0,0.0
Ondo,2020,2020-02-16,7,31.0,35.4,22.3,28.0,56.9,0.0,0.0
Ondo,2020,2020-02-23,8,34.0,38.0,25.2,30.4,61.3,0.0,0.0
Ondo,2020,2020-03-01,9,25.0,33.0,25.0,28.2,80.1,7.1,50.0
Ondo,2020,2020-03-08,10,33.0,35.0,24.9,28.0,80.5,5.6,33.33
Ondo,2020,2020-03-15,11,15.0,35.4,25.1,29.2,71.6,0.0,0.0
Ondo,2020,2020-03-22,12,5.0,33.0,24.1,27.8,78.5,1.3,16.67
Ondo,2020,2020-03-29,13,6.0,32.5,25.4,27.8,82.6,2.4,8.33
Ondo,2020,2020-04-05,14,4.0,35.0,23.3,27.9,79.2,0.5,4.17
Ondo,2020,2020-04-12,15,1.0,34.8,23.2,28.4,74.5,0.0,0.0
Ondo,2020,2020-04-19,16,3.0,31.0,23.8,26.5,84.3,1.0,20.83
Ondo,2020,2020-04-26,17,5.0,28.1,22.2,24.9,88.3,5.4,54.17
Ondo,2020,2020-05-03,18,2.0,28.0,22.4,25.1,90.8,8.3,29.17
Ondo,2020,2020-05-10,19,5.0,29.1,23.3,25.8,86.5,3.5,20.83
Ondo,2020,2020-05-17,20,2.0,32.9,24.0,27.7,82.6,0.5,16.67
Ondo,2020,2020-05-24,21,5.0,28.0,23.6,25.3,91.6,8.3,54.17
Ondo,2020,2020-05-31,22,2.0,30.3,21.5,25.7,86.3,0.2,8.33
Ondo,2020,2020-06-07,23,3.0,31.2,21.8,25.3,86.2,1.1,16.67
Ondo,2020,2020-06-14,24,4.0,33.1,23.3,26.0,87.4,6.4,45.83
Ondo,2020,2020-06-21,25,2.0,29.0,21.9,24.8,89.4,7.0,58.33
Ondo,2020,2020-06-28,26,3.0,26.9,21.8,24.1,92.5,15.0,62.5
Ondo,2020,2020-07-05,27,1.0,28.6,21.7,24.2,87.4,6.8,75.0
Ondo,2020,2020-07-12,28,3.0,27.2,22.7,24.3,88.3,3.3,66.67
Ondo,2020,2020-07-19,29,5.0,28.4,21.0,24.5,85.4,10.4,29.17
Ondo,2020,2020-07-26,30,0.0,28.0,22.7,24.6,86.5,8.9,37.5
Ondo,2020,2020-08-02,31,3.0,27.6,22.4,24.2,85.5,1.4,29.17
Ondo,2020,2020-08-09,32,5.0,28.8,20.2,23.8,81.0,0.0,0.0
Ondo,2020,2020-08-16,33,0.0,30.2,22.0,25.2,81.4,0.6,20.83
Ondo,2020,2020-08-23,34,9.0,28.7,22.4,24.8,83.7,2.0,37.5
Ondo,2020,2020-08-30,35,1.0,30.1,22.7,24.9,85.7,2.3,37.5
Ondo,2020,2020-09-06,36,1.0,30.0,22.3,24.8,85.6,5.7,41.67
Ondo,2020,2020-09-13,37,3.0,28.0,21.0,23.5,94.1,4.6,45.83
Ondo,2020,2020-09-20,38,3.0,29.5,22.0,24.1,90.3,12.0,66.67
Ondo,2020,2020-09-27,39,5.0,29.3,21.6,24.3,88.6,5.9,45.83
Ondo,2020,2020-10-04,40,1.0,29.7,22.1,24.9,86.4,2.4,33.33
Ondo,2020,2020-10-11,41,3.0,31.0,22.6,25.3,85.5,6.6,29.17
Ondo,2020,2020-10-18,42,5.0,31.0,22.9,26.1,85.7,4.4,41.67
Ondo,2020,2020-10-25,43,1.0,30.2,22.8,25.5,92.5,7.2,33.33
Ondo,2020,2020-11-01,44,4.0,33.4,23.5,27.0,79.5,0.2,8.33
Ondo,2020,2020-11-08,45,4.0,34.0,23.4,26.9,77.4,1.4,8.33
Ondo,2020,2020-11-15,46,2.0,32.8,23.3,27.0,79.3,0.0,0.0
Ondo,2020,2020-11-22,47,1.0,35.0,22.7,27.5,71.8,0.0,0.0
Ondo,2020,2020-11-29,48,3.0,33.6,22.5,27.1,76.5,0.0,0.0
Ondo,2020,2020-12-06,49,3.0,32.9,24.6,27.3,82.0,0.0,0.0
Ondo,2020,2020-12-13,50,2.0,31.9,23.3,26.3,85.1,5.3,25.0
Ondo,2020,2020-12-20,51,6.0,33.4,24.2,27.5,75.9,0.0,0.0
Ondo,2020,2020-12-27,52,3.0,33.8,19.5,26.1,58.3,0.0,0.0
Ondo,2020,2021-01-03,53,0.0,34.2,24.1,27.7,75.3,0.0,0.0
Ondo,2021,2021-01-10,1,3.0,34.7,23.6,27.9,74.0,0.0,0.0
Ondo,2021,2021-01-17,2,0.0,33.8,22.4,27.4,70.7,0.0,0.0
Ondo,2021,2021-01-24,3,8.0,35.4,18.8,26.5,54.5,0.0,0.0
Ondo,2021,2021-01-31,4,2.0,36.1,22.4,27.7,65.2,0.0,0.0
Ondo,2021,2021-02-07,5,4.0,36.9,24.3,29.2,65.2,0.0,0.0
Ondo,2021,2021-02-14,6,5.0,36.5,25.5,28.9,75.7,0.3,12.5
Ondo,2021,2021-02-21,7,3.0,35.4,21.0,27.4,33.0,0.0,0.0
Ondo,2021,2021-02-28,8,6.0,36.2,24.0,28.8,67.3,0.0,0.0
Ondo,2021,2021-03-07,9,6.0,37.0,25.8,29.4,73.4,0.7,29.17
Ondo,2021,2021-03-14,10,7.0,31.9,23.3,25.9,84.2,1.8,12.5
Ondo,2021,2021-03-21,11,14.0,32.5,22.2,26.5,79.4,0.5,4.17
Ondo,2021,2021-03-28,12,2.0,35.6,24.5,29.4,68.3,0.0,0.0
Ondo,2021,2021-04-04,13,3.0,36.4,25.1,28.7,75.2,0.4,12.5
Ondo,2021,2021-04-11,14,5.0,35.0,23.2,26.9,77.8,4.2,29.17
Ondo,2021,2021-04-18,15,0.0,27.7,22.6,24.8,85.3,0.7,8.33
Ondo,2021,2021-04-25,16,3.0,33.2,23.6,27.4,80.5,2.0,8.33
Ondo,2021,2021-05-02,17,3.0,34.1,24.7,27.6,83.2,2.6,16.67
Ondo,2021,2021-05-09,18,4.0,30.1,22.6,25.7,81.0,0.0,0.0
Ondo,2021,2021-05-16,19,1.0,31.7,22.2,25.6,85.9,0.9,8.33
Ondo,2021,2021-05-23,20,4.0,32.0,21.7,25.9,82.1,0.0,0.0
Ondo,2021,2021-05-30,21,0.0,31.0,23.5,26.3,85.0,0.6,8.33
Ondo,2021,2021-06-06,22,2.0,30.2,21.8,24.8,88.5,9.2,20.83
Ondo,2021,2021-06-13,23,2.0,31.0,23.0,26.2,82.7,0.0,0.0
Ondo,2021,2021-06-20,24,2.0,28.0,23.0,24.7,92.7,20.9,62.5
Ondo,2021,2021-06-27,25,6.0,28.4,20.6,23.9,86.5,0.2,8.33
Ondo,2021,2021-07-04,26,1.0,26.9,21.2,23.7,88.0,0.5,8.33
Ondo,2021,2021-07-11,27,5.0,29.2,23.4,25.3,84.9,3.9,25.0
Ondo,2021,2021-07-18,28,3.0,28.6,22.8,25.2,84.9,0.0,0.0
Ondo,2021,2021-07-25,29,2.0,30.1,22.5,25.5,81.5,0.5,20.83
Ondo,2021,2021-08-01,30,5.0,28.1,22.6,24.9,84.9,0.3,12.5
Ondo,2021,2021-08-08,31,3.0,26.0,22.1,23.3,93.1,16.6,91.67
Ondo,2021,2021-08-15,32,2.0,29.3,23.1,25.2,84.1,1.0,29.17
Ondo,2021,2021-08-22,33,1.0,28.3,22.4,24.8,89.8,8.8,50.0
Ondo,2021,2021-08-29,34,3.0,30.0,23.1,24.9,88.7,11.6,50.0
Ondo,2021,2021-09-05,35,0.0,29.6,23.0,24.5,90.7,14.0,54.17
Ondo,2021,2021-09-12,36,3.0,31.2,23.2,25.7,86.4,7.2,37.5
Ondo,2021,2021-09-19,37,0.0,31.7,23.1,25.7,82.8,1.9,33.33
Ondo,2021,2021-09-26,38,2.0,29.1,21.7,25.2,83.1,0.2,8.33
Ondo,2021,2021-10-03,39,2.0,30.3,22.8,25.3,87.2,9.0,41.67
Ondo,2021,2021-10-10,40,4.0,30.0,22.8,25.2,89.9,4.8,33.33
Ondo,2021,2021-10-17,41,4.0,29.4,22.8,24.8,91.8,5.8,37.5
Ondo,2021,2021-10-24,42,4.0,31.6,21.0,26.4,79.6,0.0,0.0
Ondo,2021,2021-10-31,43,1.0,33.0,22.0,26.6,85.5,0.4,8.33
Ondo,2021,2021-11-07,44,1.0,30.4,23.5,25.8,87.1,6.1,12.5
Ondo,2021,2021-11-14,45,3.0,32.0,23.8,26.9,83.6,0.5,8.33
Ondo,2021,2021-11-21,46,3.0,34.0,23.7,27.5,81.4,0.0,0.0
Ondo,2021,2021-11-28,47,1.0,34.0,24.4,28.2,77.3,0.0,0.0
Ondo,2021,2021-12-05,48,1.0,34.0,23.3,27.8,74.0,0.0,0.0
Ondo,2021,2021-12-12,49,5.0,35.1,22.4,27.3,66.1,0.0,0.0
Ondo,2021,2021-12-19,50,4.0,32.5,19.0,25.7,46.1,0.0,0.0
Ondo,2021,2021-12-26,51,4.0,35.2,21.5,27.5,66.7,0.0,0.0
Ondo,2021,2022-01-02,52,12.0,34.2,21.0,26.7,72.4,0.0,0.0
Ondo,2022,2022-01-09,1,11.0,35.3,22.3,27.5,63.5,0.0,0.0
Ondo,2022,2022-01-16,2,9.0,37.4,19.7,27.1,42.1,0.0,0.0
Ondo,2022,2022-01-23,3,28.0,35.8,19.1,26.9,33.4,0.0,0.0
Ondo,2022,2022-01-30,4,15.0,36.0,17.0,26.2,24.4,0.0,0.0
Ondo,2022,2022-02-06,5,18.0,36.5,18.1,27.0,32.9,0.0,0.0
Ondo,2022,2022-02-13,6,35.0,37.8,21.1,28.7,59.1,0.1,4.17
Ondo,2022,2022-02-20,7,30.0,36.9,21.9,28.4,64.8,1.0,16.67
Ondo,2022,2022-02-27,8,26.0,38.2,22.6,28.8,64.3,1.6,16.67
Ondo,2022,2022-03-06,9,9.0,35.8,23.3,26.8,79.4,9.3,29.17
Ondo,2022,2022-03-13,10,7.0,34.6,21.3,26.9,72.4,5.5,16.67
Ondo,2022,2022-03-20,11,3.0,38.6,23.5,28.7,69.7,1.2,16.67
Ondo,2022,2022-03-27,12,3.0,39.0,23.4,30.3,61.8,0.0,0.0
Ondo,2022,2022-04-03,13,1.0,38.9,22.5,27.8,73.2,0.9,8.33
Ondo,2022,2022-04-10,14,4.0,37.2,21.9,27.3,71.1,4.7,20.83
Ondo,2022,2022-04-17,15,6.0,36.0,22.3,27.2,76.3,15.7,50.0
Ondo,2022,2022-04-24,16,6.0,27.7,22.1,24.9,83.3,0.3,8.33
Ondo,2022,2022-05-01,17,2.0,33.7,22.4,27.0,76.2,2.8,12.5
Ondo,2022,2022-05-08,18,1.0,37.4,22.1,27.8,73.1,0.4,8.33
Ondo,2022,2022-05-15,19,2.0,34.5,21.7,26.0,78.6,5.7,16.67
Ondo,2022,2022-05-22,20,1.0,30.2,20.9,24.2,84.6,3.1,25.0
Ondo,2022,2022-05-29,21,1.0,32.4,20.9,25.5,77.7,0.1,4.17
Ondo,2022,2022-06-05,22,2.0,25.8,20.4,22.3,90.0,4.2,12.5
Ondo,2022,2022-06-12,23,3.0,32.8,20.1,24.4,81.7,0.8,25.0
Ondo,2022,2022-06-19,24,5.0,29.4,20.0,23.7,87.2,4.2,41.67
Ondo,2022,2022-06-26,25,6.0,25.2,21.3,22.6,95.5,3.0,33.33
Ondo,2022,2022-07-03,26,7.0,30.7,19.8,23.8,83.0,0.7,20.83
Ondo,2022,2022-07-10,27,8.0,26.4,21.1,22.8,93.4,7.1,50.0
Ondo,2022,2022-07-17,28,1.0,27.2,20.9,23.2,89.3,3.9,54.17
Ondo,2022,2022-07-24,29,5.0,26.1,20.9,22.6,94.4,18.3,79.17
Ondo,2022,2022-07-31,30,7.0,27.1,20.5,22.8,89.6,3.0,58.33
Ondo,2022,2022-08-07,31,6.0,28.9,20.0,23.3,85.2,0.3,12.5
Ondo,2022,2022-08-14,32,3.0,24.2,21.2,21.8,97.4,32.5,83.33
Ondo,2022,2022-08-21,33,4.0,31.4,19.0,24.5,75.2,0.1,4.17
Ondo,2022,2022-08-28,34,3.0,27.3,20.3,22.8,89.0,4.6,45.83
Ondo,2022,2022-09-04,35,5.0,27.5,20.9,23.1,91.0,12.4,83.33
Ondo,2022,2022-09-11,36,5.0,23.7,20.9,21.7,96.9,6.3,33.33
Ondo,2022,2022-09-18,37,5.0,28.0,21.2,23.4,92.5,6.2,54.17
Ondo,2022,2022-09-25,38,5.0,29.0,21.1,24.2,89.4,14.4,37.5
Ondo,2022,2022-10-02,39,3.0,27.7,20.6,22.8,91.7,0.6,4.17
Ondo,2022,2022-10-09,40,2.0,24.5,20.6,22.0,92.1,1.4,41.67
Ondo,2022,2022-10-16,41,2.0,31.3,20.7,25.2,79.0,0.3,4.17
Ondo,2022,2022-10-23,42,4.0,32.7,21.3,25.8,76.6,0.9,16.67
Ondo,2022,2022-10-30,43,3.0,33.0,20.9,25.9,71.5,0.0,0.0
Ondo,2022,2022-11-06,44,9.0,33.7,20.7,25.8,61.0,0.0,0.0
Ondo,2022,2022-11-13,45,3.0,33.3,21.3,26.2,70.2,0.1,4.17
Ondo,2022,2022-11-20,46,2.0,35.6,21.3,27.4,66.0,0.4,4.17
Ondo,2022,2022-11-27,47,2.0,36.3,21.0,26.7,69.2,0.1,4.17
Ondo,2022,2022-12-04,48,7.0,36.6,21.0,27.5,63.7,0.0,0.0
Ondo,2022,2022-12-11,49,3.0,37.6,20.1,27.2,35.2,0.0,0.0
Ondo,2022,2022-12-18,50,7.0,35.5,22.4,27.2,52.9,0.3,4.17
Ondo,2022,2022-12-25,51,1.0,33.8,18.6,25.2,30.9,0.0,0.0
Ondo,2022,2023-01-01,52,0.0,35.6,18.0,25.6,25.5,0.0,0.0
Ondo,2023,2023-01-08,1,6.0,36.0,19.8,27.2,29.4,0.0,0.0
Ondo,2023,2023-01-15,2,33.0,35.8,19.2,26.7,47.0,0.0,0.0
Ondo,2023,2023-01-22,3,51.0,37.7,21.4,28.2,59.2,0.6,12.5
Ondo,2023,2023-01-29,4,40.0,36.0,21.1,26.2,68.5,4.1,33.33
Ondo,2023,2023-02-05,5,42.0,37.9,22.9,28.8,60.7,0.0,0.0
Ondo,2023,2023-02-12,6,21.0,37.9,22.4,28.7,57.4,0.0,0.0
Ondo,2023,2023-02-19,7,7.0,37.0,19.5,27.5,23.3,0.0,0.0
Ondo,2023,2023-02-26,8,10.0,36.9,21.9,28.2,67.3,0.1,4.17
Ondo,2023,2023-03-05,9,11.0,34.3,22.6,27.2,70.6,1.5,12.5
Ondo,2023,2023-03-12,10,23.0,36.4,23.1,28.4,63.6,0.0,0.0
Ondo,2023,2023-03-19,11,5.0,33.8,22.6,25.9,76.5,3.5,16.67
Ondo,2023,2023-03-26,12,13.0,31.3,22.9,25.5,80.2,7.7,29.17
Ondo,2023,2023-04-02,13,7.0,36.4,22.1,27.8,70.1,3.6,16.67
Ondo,2023,2023-04-09,14,10.0,33.6,21.9,26.0,76.9,3.8,25.0
Ondo,2023,2023-04-16,15,5.0,37.3,22.9,27.9,73.4,5.9,16.67
Ondo,2023,2023-04-23,16,6.0,31.4,22.8,25.7,85.5,3.6,33.33
Ondo,2023,2023-04-30,17,6.0,32.8,21.6,25.1,85.1,5.9,41.67
Ondo,2023,2023-05-07,18,6.0,35.9,21.8,27.4,70.3,0.3,4.17
Ondo,2023,2023-05-14,19,1.0,36.4,22.8,27.2,77.6,5.1,20.83
Ondo,2023,2023-05-21,20,3.0,33.2,22.5,26.1,82.0,1.6,20.83
Ondo,2023,2023-05-28,21,3.0,33.4,22.5,26.4,79.6,2.1,20.83
Ondo,2023,2023-06-04,22,1.0,35.4,21.6,26.2,79.6,0.6,8.33
Ondo,2023,2023-06-11,23,0.0,25.8,22.0,23.2,95.4,12.1,62.5
Ondo,2023,2023-06-18,24,0.0,29.5,21.6,24.6,89.3,5.2,50.0
Ondo,2023,2023-06-25,25,7.0,26.0,21.3,23.0,95.1,5.9,62.5
Ondo,2023,2023-07-02,26,9.0,26.9,22.1,23.7,89.5,2.5,41.67
Ondo,2023,2023-07-09,27,3.0,26.1,21.4,22.7,91.7,1.2,29.17
Ondo,2023,2023-07-16,28,4.0,29.0,21.8,24.4,90.3,7.9,41.67
Ondo,2023,2023-07-23,29,5.0,25.4,21.7,23.1,95.3,12.0,58.33
Ondo,2023,2023-07-30,30,5.0,28.0,21.7,23.2,96.0,20.6,62.5
Ondo,2023,2023-08-06,31,7.0,27.2,21.7,23.3,92.7,3.4,50.0
Ondo,2023,2023-08-13,32,4.0,27.4,21.6,23.3,92.5,14.6,58.33
Ondo,2023,2023-08-20,33,2.0,28.9,20.4,23.6,89.2,7.0,29.17
Ondo,2023,2023-08-27,34,6.0,28.1,21.6,23.4,93.1,17.1,45.83
Ondo,2023,2023-09-03,35,5.0,26.0,20.9,22.8,94.7,9.6,58.33
Ondo,2023,2023-09-10,36,2.0,30.4,21.6,24.7,88.3,3.1,25.0
Ondo,2023,2023-09-17,37,2.0,27.1,21.9,23.4,92.4,1.9,37.5
Ondo,2023,2023-09-24,38,4.0,29.8,20.7,23.6,90.0,3.7,20.83
Ondo,2023,2023-10-01,39,5.0,30.0,21.7,24.7,87.4,3.9,45.83
Ondo,2023,2023-10-08,40,0.0,31.9,20.7,24.8,84.0,1.4,16.67
Ondo,2023,2023-10-15,41,2.0,32.8,22.7,25.7,85.9,3.9,25.0
Ondo,2023,2023-10-22,42,5.0,32.8,21.6,26.1,80.2,3.5,25.0
Ondo,2023,2023-10-29,43,3.0,32.8,22.9,26.4,79.9,0.6,12.5
Ondo,2023,2023-11-05,44,5.0,33.4,21.7,26.4,76.8,0.9,12.5
Ondo,2023,2023-11-12,45,4.0,34.2,22.2,26.9,76.3,1.5,25.0
Ondo,2023,2023-11-19,46,3.0,34.9,22.7,27.3,70.5,0.4,12.5
Ondo,2023,2023-11-26,47,3.0,29.0,21.7,23.8,89.7,26.8,54.17
Ondo,2023,2023-12-03,48,4.0,36.1,21.5,27.0,66.0,0.0,0.0
Ondo,2023,2023-12-10,49,8.0,35.8,22.0,27.7,62.5,0.0,0.0
Ondo,2023,2023-12-17,50,3.0,35.9,20.9,27.5,32.4,0.0,0.0
Ondo,2023,2023-12-24,51,5.0,37.2,20.3,27.4,29.6,0.0,0.0
Ondo,2023,2023-12-31,52,9.0,36.4,19.7,27.3,33.0,0.0,0.0
